ticker,n_obs,corr,cov,alpha,beta,r2,adj_r2,f_stat,f_pvalue,jb_stat,jb_pvalue,skew,kurt,dw_stat,coint_t,coint_p,adf_stat,adf_p,half_life,z_mean,z_std,z_current,z_gt1,z_gt2,z_lt_1,z_lt_2,score,rating,base
XRP-USD,2466,0.8935248768103234,21491.61560735125,-0.17843337559340566,2.255017804733704e-05,0.7983867054789038,0.7983048819015819,9757.416280374178,0.0,217.42208222231957,6.129072004226391e-48,-0.5827099766197701,0.8756872096392039,0.018137629220517967,-3.101397039026323,0.08802256026748917,-3.5488535043957747,0.006817579103501577,76.6215307308967,0.0,1.0,-0.6889833999890271,0.09732360097323602,0.015815085158150853,0.14517437145174372,0.06772100567721005,71,Fair,BTC-USD
DOGE-USD,2466,0.7645287407261214,83.2784750134932,-0.02224749053623186,6.656175288295599e-05,0.5845041953962686,0.5843355688521925,3466.264452008071,0.0,6863.279256988652,0.0,2.203168251376538,6.901453382333932,0.027941232355365254,-3.0974283521618187,0.0888204857925774,-3.8858555463275026,0.0021414439325390566,50.29736611739501,3.457628884477373e-17,1.0,-1.0119535138250864,0.1321978913219789,0.057177615571776155,0.05961070559610705,0.0,70,Fair,ETH-USD
ICP-USD,1971,0.28439419385829257,6348.361339012011,-7.620889945436428,0.008420738356970513,0.08088005750030813,0.08041326220193346,173.26664981829614,5.473848366021385e-38,598611.0632358005,0.0,7.4907832797912315,84.26973042462379,0.024891326753285512,-3.5278322160144984,0.030006599910162274,-3.248198663345777,0.01735886016787793,8.648432820507342,0.0,1.0,-0.4818936374989603,0.07204464738711314,0.020294266869609334,0.014713343480466767,0.0,66,Weak,ETH-USD
SOL-USD,2366,0.8535485037871586,63611.92706512861,-39.966610081455364,0.0562904970539712,0.7285450483172968,0.7284302196575325,6344.627289154116,0.0,51.99944032662249,5.110518938680896e-12,0.09226524106737988,0.7064930111708967,0.01506673878951293,-3.421773811296532,0.03998898176321584,-2.9847060912987198,0.036347554164432666,90.13717051567545,0.0,1.0,0.16617248412257363,0.13989856297548606,0.036770921386306,0.15088757396449703,0.018174133558748945,65,Fair,ETH-USD
MKR-USD,2466,0.7308160516134818,706206.6690801794,330.5465580721701,0.5644478214087636,0.5340921012959192,0.5339030152980686,2824.5988987385645,0.0,3005.3405348407823,0.0,1.5049295964650926,4.506095982030704,0.020800086798042933,-3.1412054594258314,0.08032278329500808,-3.4496060899394565,0.009379658531741875,66.65361754952144,4.610171845969831e-17,1.0,0.0849645217374342,0.12124898621248986,0.049067315490673155,0.12327656123276562,0.0052716950527169504,65,Fair,ETH-USD
BNB-USD,2466,0.9165007127075577,7405746.651911595,26.44212407927329,0.007770514261243052,0.8399735563934612,0.839908610596543,12933.45522345233,0.0,54.533155403950715,1.4397124612376545e-12,-0.34694980252687646,-0.22123208137719885,0.01496707652769856,-2.78871687924478,0.16930114199959834,-2.791969712562879,0.059430024651508276,93.19285190016609,3.457628884477373e-17,1.0,0.8156857038090634,0.13260340632603407,0.009732360097323601,0.1467964314679643,0.0332522303325223,49,Weak,BTC-USD
NEAR-USD,2179,0.5134198858305613,1555.7162336757458,-0.3457682344099143,0.0017957463344082868,0.26359997916626654,0.2632617154911018,779.2736806216485,7.504054605566464e-147,2929.506239899676,0.0,1.6698411673529436,4.609857035497852,0.014230542977411505,-3.021122678790774,0.10526962478279639,-3.288843541275903,0.015384593621226454,97.16056388029703,0.0,1.0,0.10504401417663625,0.09683340982101882,0.05828361633776962,0.08994951812758147,0.0004589261128958238,45,Weak,ETH-USD
DOGE-USD,2466,0.6316492580194794,1898.9803709100224,0.022269330282089665,1.992514022899779e-06,0.3989807851565589,0.39873686502066463,1635.702537200653,9.9035375030986e-275,7024.409945945292,0.0,2.1759314311487623,7.048672286255407,0.021606286625054393,-2.1180610341038286,0.4669303205375175,-3.817668979798401,0.0027316243306819794,65.9032244987292,-2.3050859229849155e-17,1.0,-1.285244823069483,0.12652068126520682,0.0575831305758313,0.06609894566098945,0.0,40,Weak,BTC-USD
ICP-USD,1971,-0.11287082674694758,-84462.4784592502,19.439613931563276,-9.969421347831837e-05,0.012739823530539374,0.012238421714150571,25.4084112065955,5.063534441017999e-07,581099.5647145186,0.0,7.432080208069578,83.00952545525499,0.02580036726198048,-1.8106265374878363,0.6245461871114671,-3.2298948341042095,0.01831816402564816,8.69655258312908,-1.441994390177778e-17,1.0,-0.30123218527511136,0.0898021308980213,0.021816336884830034,0.0,0.0,39,Weak,BTC-USD
ARB-USD,2466,-0.07797902884453795,-20.35934909001636,0.09327023075201545,-1.627255977931793e-05,0.006080728939537372,0.005677352611996644,15.074580545192669,0.00010606220988673069,25574.94351670287,0.0,3.9044478349727214,13.741583267371396,0.02200175449777709,-2.5341257024479567,0.2642295018590326,-3.5203766057233343,0.00747894360864026,62.88223314540009,2.3050859229849155e-17,1.0,-0.20895495863547298,0.057177615571776155,0.057177615571776155,0.0,0.0,36,Weak,ETH-USD
BCH-USD,2466,0.58849315023033,120741.02759397491,145.6874877615523,0.0965043420913048,0.3463241878680179,0.3460588973598475,1305.4526159130692,9.17271497506872e-230,3900.490857857384,0.0,1.492674919817875,5.404070261039109,0.02099917978684927,-2.609471400820111,0.23303102250802055,-2.945533049938722,0.04030357362413147,66.43546959362011,2.3050859229849155e-17,0.9999999999999999,-0.6569685354680019,0.13098134630981345,0.0267639902676399,0.15328467153284672,0.0,35,Weak,ETH-USD
HBAR-USD,2466,0.6890336956492438,73.96298822276987,-0.0036630870375027264,5.911618991307569e-05,0.47476743374005526,0.47455427117257964,2227.255185384931,0.0,565.9295973674459,1.2880993432298814e-123,0.9411251189597759,1.4085948006857079,0.016049298649052055,-2.709655061067848,0.19612536844989492,-2.7334184187097916,0.06843178584561753,87.65499996674322,0.0,0.9999999999999999,-0.7708266404061259,0.14963503649635038,0.04257907542579075,0.10867802108678021,0.0,33,Weak,ETH-USD
ARB-USD,2466,-0.15177187404543555,-1093.6614432572142,0.11545831269480034,-1.1475293770153808e-06,0.02303470175126343,0.02263820609450673,58.09572276195877,3.5384197377581436e-14,23826.246602274077,0.0,3.7990355010857804,13.228676549195114,0.022436136019228625,-1.4896044255266114,0.7651567091931231,-3.5589314174108195,0.006596489738323298,61.55700612739192,0.0,1.0,-0.0756847003904827,0.057177615571776155,0.057177615571776155,0.0,0.0,33,Weak,BTC-USD
BCH-USD,2466,0.5449688828879321,3085962.8855311563,192.74726665622157,0.0032379609698769424,0.2969910833161207,0.29670577125577824,1040.9342071261126,8.414627500444353e-191,9830.55314184694,0.0,2.089116243877166,8.865627500583207,0.02273863178227252,-1.8298917051143695,0.61509225610044,-3.152735554466381,0.022888783723891314,62.10612477258483,0.0,1.0,-1.0283573864991489,0.129764801297648,0.033657745336577456,0.10502838605028386,0.0,31,Weak,BTC-USD
AVAX-USD,2203,0.6055128386320676,13071.789061615606,-7.619797753091056,0.014471103189316999,0.36664579774826433,0.3663580402733657,1274.148648536449,1.446314859770107e-220,1318.6817676523312,4.486342864746955e-287,1.3672967056540497,2.635143688596685,0.011788823892900915,-3.0825328832161407,0.09186520503052664,-2.021486456288362,0.27723221981746554,122.43651800231186,5.160546424040673e-17,0.9999999999999999,-1.1361385761887135,0.10077167498865183,0.070812528370404,0.11620517476168861,0.00045392646391284613,26,Weak,ETH-USD
FLOW-USD,2074,0.13261458007356047,871.6602329230993,1.1292378159145,0.0011711019644554351,0.017586626848087095,0.017112489119731844,37.09181066247726,1.3395595743175472e-09,5587.218761703305,0.0,2.53969504290128,6.254265917355497,0.00639153810045815,-2.787715783473266,0.16962456595662173,-2.8594456703664792,0.05027124447980463,216.85475589455436,5.48152544462951e-17,0.9999999999999999,-0.5651322839249555,0.11861137897782063,0.07184185149469624,0.0,0.0,25,Weak,ETH-USD
NEAR-USD,2179,0.004456426577485845,417.97240617413746,3.972861389246601,5.035654213317144e-07,1.9859737840577374e-05,-0.000439478865862597,0.04323550792481179,0.8353019042378871,2728.721357141627,0.0,1.9045735080271993,3.9570930733698937,0.01341894060835382,-1.5076580835414315,0.7582438203035462,-3.259590893020437,0.016784261667083557,100.96797348342716,0.0,1.0,0.2428759484053924,0.12987608994951813,0.05966039467645709,0.005966039467645709,0.0,24,Weak,BTC-USD
TRX-USD,2466,0.878091104311171,2891.6808676705423,-0.016762990004373216,3.0341096552901434e-06,0.771043987470412,0.7709510670107815,8297.89252589109,0.0,916.4233442967073,1.0027651735206194e-199,1.1819617413505898,1.8330634843979734,0.015477142266638898,-2.02999516463022,0.5129550264467473,-1.4738591651803827,0.5464009386280372,98.13675572467153,4.610171845969831e-17,1.0,1.844648539657685,0.10016220600162205,0.0770478507704785,0.12611516626115166,0.00283860502838605,23,Weak,BTC-USD
ETC-USD,2466,0.5669971087649736,9558.25281063447,4.867175280628423,0.007639597884941917,0.32148572134783904,0.3212103502931912,1167.4637400035685,8.566457814810762e-210,8933.27647222768,0.0,2.073990593951409,8.37146450598605,0.01886563627672881,-2.306788063779655,0.3701705329259005,-2.8487507359519557,0.05164041692807581,76.3711278929418,9.220343691939662e-17,1.0000000000000002,-1.3428015226104764,0.12043795620437957,0.0494728304947283,0.12773722627737227,0.0,23,Weak,ETH-USD
MKR-USD,2466,0.4562081726770967,12167247.318506813,914.8734481342162,0.012766541073090028,0.20812589681737548,0.20780451934043453,647.6057339126601,4.904672593831145e-127,2090.353667899761,0.0,1.6310557021535943,3.1257596048961407,0.016770478558127373,-1.5930198922098393,0.7238271730815076,-3.0243390188848465,0.032683114677722405,81.606310915037,-1.1525429614924578e-17,1.0,-0.1175890139077521,0.1630170316301703,0.0454176804541768,0.021492295214922953,0.0,23,Weak,BTC-USD
BNB-USD,2466,0.8130803789493896,238047.6984844797,3.101994089911746,0.19026371554369947,0.661099702632483,0.6609621619273826,4806.574912856863,0.0,145.11757573732643,3.076938493865861e-32,0.5684504276264712,-0.34664539423641205,0.007903875559971962,-2.5899147507418796,0.2409147658710254,-1.9652707135227403,0.3020051322329362,204.07994737325657,0.0,1.0,1.6627987111156446,0.20681265206812652,0.033657745336577456,0.14274128142741282,0.0032441200324412004,22,Weak,ETH-USD
ETC-USD,2466,0.08552275848092207,39791.00488612983,19.337848289636906,4.175089771090798e-05,0.007314142218185937,0.006911266464216137,18.154833459480315,2.1130249492351616e-05,6110.057113127935,0.0,2.036494154847526,6.565256775688841,0.017627107480731923,-1.247015897301812,0.8451558244308492,-2.9033387597450853,0.044961120431042646,78.35547623044236,0.0,1.0,-0.9332538139783083,0.12287104622871046,0.062449310624493104,0.025952960259529603,0.0,21,Weak,BTC-USD
XLM-USD,2466,0.6024453502948355,2282.81228654381,0.07237163564871134,2.395251452971424e-06,0.3629404000918669,0.36268185317631985,1403.7699862859301,1.498610932687222e-243,2352.2091186277567,0.0,1.593346645432783,3.580385510510901,0.016792183560507837,-1.3148506909220798,0.8252095268523713,-2.746808893384506,0.06628258106987539,82.80421738775468,4.610171845969831e-17,1.0,-0.5770739118876491,0.15125709651257097,0.047850770478507706,0.10989456609894566,0.0,20,Weak,BTC-USD
RUNE-USD,2466,0.09375000194379457,9760.909188655958,2.6687839253499464,1.0241679552131484e-05,0.008789062864461683,0.008386785698416444,21.84827677609878,3.109833474814541e-06,2076.471391906528,0.0,1.6583272841986492,3.0454027194278392,0.014632350709182956,-1.1721040761783055,0.8650548814154783,-2.978108559021164,0.03698997898851188,94.83293139211516,4.610171845969831e-17,1.0,-0.8220630525517328,0.1411192214111922,0.054339010543390104,0.0,0.0,20,Weak,BTC-USD
AXS-USD,2158,0.43156310115246777,11093.73147538297,-16.95751130164212,0.01329885530360288,0.18624671027633533,0.1858692736855544,493.4516547295769,1.2892539536602238e-98,2950.596942029959,0.0,1.8270823313954694,4.426693484255135,0.006308107442162073,-3.016565306220449,0.10632025443155474,-2.0053266844267186,0.2842424288223956,224.36667527657818,0.0,1.0,-0.7043033440975983,0.11584800741427248,0.047265987025023166,0.07136237256719184,0.0,19,Weak,ETH-USD
RUNE-USD,2466,0.5488787240570547,2070.569658964773,-0.4059871054425979,0.0016549383972824815,0.3012678537225002,0.3009842773644331,1062.3870613753447,4.539456496235114e-194,1867.2456218564373,0.0,1.1516937517940322,3.5976978182443347,0.015359526507945552,-2.338116446362209,0.354695159733622,-2.8137404267813975,0.05633769308650727,93.55993326016133,4.610171845969831e-17,0.9999999999999999,-1.1684609575178098,0.12449310624493107,0.038118410381184104,0.12165450121654502,0.012570965125709651,18,Weak,ETH-USD
SOL-USD,2366,0.8313718811342784,1763828.8003451945,-13.07124679956708,0.0019259786063550279,0.6911792047407481,0.6910485698865776,5290.924915323292,0.0,310.49068231837975,3.782726948202417e-68,0.7964087174355862,0.7888499954981523,0.01082162893445464,-2.151277661216517,0.44961210100720816,-2.571438380796351,0.09904521594420002,131.52600525635935,0.0,0.9999999999999999,-0.8204173465665964,0.15553677092138632,0.042265426880811495,0.10862214708368555,0.012256973795435333,17,Weak,BTC-USD
SAND-USD,2240,0.33416345829780547,353.89972184891184,-0.17056839480946745,0.0003712548491280587,0.11166521686154907,0.11126828442940506,281.32046620220837,1.4413334339460292e-59,10178.752742982384,0.0,2.730605323620364,8.926138151142649,0.009720351197851793,-2.825381149175045,0.15774244839005064,-2.4133624585758806,0.1380004169683101,146.558612466723,0.0,1.0,-0.7718508529969894,0.08303571428571428,0.059375,0.038392857142857145,0.0,14,Weak,ETH-USD
VET-USD,2466,0.07692097540086784,86.57491197512415,0.03010552822436745,9.083913071680808e-08,0.005916836456620778,0.0055133936142737205,14.665860527349407,0.00013155179474118485,7829.492951616729,0.0,2.4968345775278546,7.178895935941867,0.011698308679208026,-1.2334543013067945,0.8489217305938372,-2.918436452632162,0.04324571046180832,119.08901935456028,0.0,1.0,-0.7983149955123028,0.12773722627737227,0.06934306569343066,0.0,0.0,14,Weak,BTC-USD
FIL-USD,2466,-0.10033008284761413,-86060.04461681431,20.710384285597492,-9.029890373654053e-05,0.010066125524209157,0.009664366646581102,25.055141490925784,5.964904149799609e-07,22116.71011047681,0.0,3.3534707196031066,13.079585920553242,0.009350093234422194,-1.5145867059531741,0.7555562845068327,-2.8956850476329588,0.045852073513048125,147.26474778966437,-6.915257768954747e-17,1.0,-0.43518626229544694,0.10867802108678021,0.0494728304947283,0.0,0.0,14,Weak,BTC-USD
LINK-USD,2466,0.6423628742283585,5635.478388684262,3.9428510060617046,0.004504252987630527,0.4126300621869181,0.4123916815303381,1730.971246186107,4.9805570003286935e-287,2822.550707458777,0.0,1.8353236655384848,3.7534078573055236,0.016098679685011608,-1.9785349979526965,0.5397162610941519,-2.4167914765832763,0.13705311495101474,85.84716837325647,0.0,1.0,-0.2905888256386412,0.14963503649635038,0.053122465531224655,0.017842660178426603,0.0,13,Weak,ETH-USD
INJ-USD,2172,0.49282756345409273,4268.613251733911,-1.1137543839207982,0.004989130229570764,0.24287900730009782,0.24253010361682603,696.1205024335082,2.7207059511736964e-133,1304.9901931117943,4.2167717806489185e-284,1.4796560423842515,2.390349111613408,0.00928721159224102,-2.7958879871006945,0.16699654024483024,-1.8678898111818298,0.3473141985117423,152.11954660562947,0.0,0.9999999999999999,-0.6173950556795915,0.13720073664825047,0.05570902394106814,0.10497237569060773,0.0,13,Weak,ETH-USD
AAVE-USD,2191,0.4509970491788636,1389602.934412193,71.88146181363402,0.0016616754705509862,0.20339833836804222,0.2030344271475617,558.9229650557163,3.057194907587454e-110,1597.4893666336195,0.0,1.6783036213541798,2.507927744888695,0.015328202645770873,-1.3895528248396773,0.8010718078475894,-2.72229181275162,0.07025960804355542,88.61959639951642,0.0,1.0,-0.4336574032187215,0.15289821999087175,0.0689183021451392,0.03970789593792789,0.0,13,Weak,BTC-USD
LINK-USD,2466,0.44397238846559023,107500.83934247917,8.05891716748852,0.00011279575773642097,0.19711148171984116,0.19678563410690286,604.9192134395615,1.239566893695817e-119,2010.3567558414475,0.0,1.638352996389421,2.981986896460704,0.016771804983189628,-1.0487310711046636,0.8932082744858222,-2.7028462831965814,0.07354703146957538,81.08560303524978,0.0,1.0,-0.4621267019314179,0.13422546634225466,0.058394160583941604,0.05271695052716951,0.0,13,Weak,BTC-USD
AAVE-USD,2191,0.5324830149677486,53365.12658796464,18.301974518073813,0.060317523958166856,0.28353816122914366,0.28321086025208986,866.2918265059207,1.0322150797465917e-160,1501.8366227331303,0.0,1.5375407875800433,2.6560177597447883,0.011803408116584051,-2.6980826461631797,0.20026901635366784,-2.341175811953434,0.1590315191127134,116.67183735529076,0.0,1.0,-0.1091706142188567,0.14468279324509356,0.06252852578731173,0.07850296668188042,0.0,12,Weak,ETH-USD
EGLD-USD,2219,0.38221690070002795,26126.228868921808,-7.351506540788586,0.02821793719360016,0.14608975918073497,0.14570459443521433,379.2916171059724,4.130569254946681e-78,1522.0695596182845,0.0,1.391687273443559,2.9632746413316724,0.006998237199615391,-2.7269431393615253,0.19003827057174005,-1.884492253379874,0.3393912410552852,210.48504983501698,0.0,1.0,-0.9826127036633288,0.1523208652546192,0.0558810274898603,0.0878774222622803,0.0,11,Weak,ETH-USD
XMR-USD,2466,0.6859372523385748,2222924.4153476846,90.65721493948885,0.0023324138244272662,0.4705099141457936,0.4702950236888722,2189.533778682412,0.0,856.1285092317319,1.24181333834219e-186,1.0215505885427805,2.0469148012222007,0.016082223322575466,-1.6093157452946694,0.7169419087283779,-1.688477381292014,0.43705884136424017,116.92387076875598,0.0,1.0,3.3459073508550783,0.1573398215733982,0.0413625304136253,0.14274128142741282,0.0040551500405515,10,Weak,BTC-USD
FLOW-USD,2074,-0.15857707420195394,-34366.88775042534,6.493826802364734,-4.247173382889131e-05,0.02514668846245216,0.024676199412482225,53.44797814967889,3.773703327980781e-13,5325.583539485146,0.0,2.52052828275344,6.038345198760897,0.007497409577888375,-1.3258568878243657,0.8217970355445973,-2.7935585073183757,0.05919979686805501,186.03236153416736,0.0,0.9999999999999998,-0.3801328815707592,0.12970106075216972,0.06894889103182257,0.0,0.0,10,Weak,BTC-USD
EOS-USD,2466,-0.3625623206532915,-18687.712667990098,2.6593363917603314,-1.960816979327086e-05,0.13145143635750023,0.1310989409988791,372.91678639882986,1.7373052050573692e-77,7299.433823125186,0.0,2.1755731162304106,7.237296967609627,0.022346933775840086,-1.7910503858026836,0.6340590017157643,-2.0745624500195343,0.2548653997635503,62.40258560722216,-4.610171845969831e-17,1.0,-0.5781342499592224,0.13422546634225466,0.05474452554744526,0.019464720194647202,0.0,10,Weak,BTC-USD
XLM-USD,2466,0.5891011822991793,80.87921008583007,0.052179698985991,6.464409914121802e-05,0.3470402029862907,0.3467752030686715,1309.5860787586387,2.374936943078307e-230,1084.7384462292976,2.8316478800088174e-236,1.1487788268631205,2.3059557466005227,0.014515630748389543,-2.310661849916575,0.3682448515200827,-2.2773537826609105,0.17937587281291717,95.45805066675601,0.0,1.0,-0.0805112889792778,0.12773722627737227,0.05068937550689376,0.1151662611516626,0.0,9,Weak,ETH-USD
MANA-USD,2466,-0.04311367497843909,-994.4577142657591,0.6264544814270786,-1.0434394010643986e-06,0.0018587889701466853,0.0014536991929430254,4.588585234063042,0.032283324756215856,11245.62243187083,0.0,2.839084628594143,8.809143100953268,0.011864967847108368,-1.4283959774686799,0.7876142572922908,-2.753887048082275,0.06516854029381888,115.80328473211,0.0,1.0,-0.6018946619281579,0.0851581508515815,0.0689375506893755,0.0,0.0,9,Weak,BTC-USD
EOS-USD,2466,-0.0892746733793499,-166.7232671120326,1.9663044275982593,-0.00013325643755546747,0.007969967306989734,0.0075673577157994165,19.79577109284945,9.000233765609158e-06,4543.861912273597,0.0,1.9169338643256995,5.448713855952196,0.01858424173705361,-2.4962516608128973,0.2807246545085872,-1.845180254580201,0.3582726761957369,75.68218641782151,4.610171845969831e-17,1.0000000000000002,-0.9080040120892442,0.15328467153284672,0.05068937550689376,0.010948905109489052,0.0,9,Weak,ETH-USD
FIL-USD,2466,0.14712316671056516,4572.417964494243,8.265974543832472,0.0036545836673995526,0.02164522618294462,0.021248166615648767,54.51380086458144,2.1003685514111702e-13,20087.41791272844,0.0,3.1861483557714325,12.475250634199906,0.008522860058092642,-2.3979291520059176,0.32583641410327435,-2.7303253973994916,0.06893604410385935,165.44254738399417,4.610171845969831e-17,1.0,-0.6235575316390347,0.11273317112733171,0.043795620437956206,0.0,0.0,8,Weak,ETH-USD
XRP-USD,2466,0.5987173704621722,521.7695573599555,0.04674191238080937,0.00041703328901274416,0.358462489693138,0.3582021254438251,1376.7730809402128,8.43548724682494e-240,296.5048765289015,4.118927360873896e-65,0.8431199632958095,0.2167540209413148,0.006197411534807511,-2.5019483782846894,0.27821040564894983,-1.9691145117879811,0.30027729295294403,227.23567991691073,4.610171845969831e-17,1.0,0.5112823738046062,0.16342254663422548,0.06082725060827251,0.11354420113544202,0.0,7,Weak,ETH-USD
UNI7083-USD,2205,0.41199379819529924,2934.8008011759284,1.853241813458464,0.003240320166122143,0.16973888975138895,0.1693620122614894,450.3821382291889,4.261104981044085e-91,3522.3958677258743,0.0,2.1350467807904767,4.499575345650948,0.00912796629215767,-2.6184829173896467,0.22945012803045223,-1.914678885054788,0.32518752058128386,149.99030688762474,5.155865656309117e-17,1.0,-0.24087402957466417,0.13333333333333333,0.06666666666666667,0.031292517006802724,0.0,7,Weak,ETH-USD
ADA-USD,2466,0.6252628653111024,362.2334571568451,-0.035683587967301214,0.0002895213181714261,0.3909536507370497,0.39070647283556315,1581.6691070915363,1.2559237033018085e-267,2875.4940573228755,0.0,1.7051383911756919,4.056576618072404,0.007838920952211604,-2.242952045681302,0.4023372320999095,-2.0101105565042507,0.28215764392116877,191.976394545547,-4.610171845969831e-17,1.0,-1.2406255829039072,0.11841038118410381,0.04866180048661801,0.09975669099756691,0.0,6,Weak,ETH-USD
DOT-USD,2234,0.3230854653153372,3262.846427371411,1.5213860130927517,0.003450191285715314,0.1043842178980281,0.10398295634690713,260.1400946749638,1.925015056478585e-55,1323.2205948443598,4.6376573631159105e-288,1.5547217135114926,2.1428426275989594,0.006343627410542261,-2.584258129242365,0.24322353124893814,-1.8457989658857186,0.35797232079820174,234.50925664928587,1.0177872669795526e-16,1.0,-0.9850635574121254,0.1396598030438675,0.06893464637421665,0.0729632945389436,0.0,6,Weak,ETH-USD
VET-USD,2466,0.4731084647269785,19.29311959848853,0.001225595071947144,1.5420357527534428e-05,0.22383161939631868,0.22351661599509964,710.5688971297337,9.041334204878216e-138,9220.040522654579,0.0,2.3049665823491465,8.29614645395342,0.011587275681983117,-2.1930919587922495,0.4279286570775244,-2.642775680262579,0.08447468349020376,124.49547444292878,-4.610171845969831e-17,0.9999999999999998,-1.0632827778730265,0.10989456609894566,0.05271695052716951,0.0867802108678021,0.0,4,Weak,ETH-USD
LTC-USD,2466,0.20998799758198544,313916.63854730193,75.67117641387325,0.00032937849906648363,0.04409495912849193,0.04370701065411231,113.66189594893963,5.637908074087278e-26,4745.542056911814,0.0,2.074910173031504,5.39716534588513,0.014386979923540696,-0.9560849098747475,0.9108645509803921,-2.2798510878853326,0.17854875989893754,96.29489834871596,0.0,0.9999999999999999,-0.7511805805648236,0.13949716139497162,0.055150040551500405,0.045823195458231956,0.0,4,Weak,BTC-USD
HBAR-USD,2466,0.5065963559610269,1500.8648539190428,0.04563117918950478,1.5747894573960367e-06,0.256639867872992,0.2563381795076808,850.6787048555481,6.5826357589772216e-161,1424.3947261482997,4.97296257469405e-310,1.5747371790853644,1.9953443347727085,0.013366542410892482,-1.1488330484590121,0.8707948152414415,-2.515981611798621,0.11163409073570502,105.40721260579112,0.0,0.9999999999999999,-0.9257161832468646,0.17558799675587997,0.06609894566098945,0.060421735604217354,0.0,3,Weak,BTC-USD
SAND-USD,2240,-0.15456152892952726,-4915.839644751817,1.0175476745243788,-5.7179393576902246e-06,0.023889266225032957,0.023453113082148702,54.772656381780365,1.9043653538641166e-13,18074.44933013326,0.0,3.344105724887681,12.235812885023941,0.010188383378565058,-1.6468187593961505,0.7007299777228437,-2.6181055044185357,0.08931266663180704,133.28047679925922,5.075305255429287e-17,0.9999999999999999,-0.4549219739884709,0.08482142857142858,0.061160714285714284,0.0,0.0,3,Weak,BTC-USD
XTZ-USD,2466,-0.28321133953899835,-13552.243965054957,2.4808411474165766,-1.4219755272768152e-05,0.08020866284347361,0.07983537090469262,214.86845685815197,1.0404097073028654e-46,2459.0962072544353,0.0,1.840211748726433,3.234473953998892,0.013803559117628256,-1.8474861184166949,0.6063830319728606,-2.177289691657501,0.2145909855187959,100.25848858622038,4.610171845969831e-17,1.0000000000000002,-0.6383934382913437,0.13341443633414438,0.06326034063260341,0.00283860502838605,0.0,3,Weak,BTC-USD
LTC-USD,2466,0.4909279821399006,26590.843386182893,46.0918460146135,0.021253188727744086,0.24101028364795463,0.2407022521072274,782.4207971654683,9.228337792872323e-150,5349.8384719759215,0.0,2.113086322909667,5.864764831589351,0.013372916400387123,-2.0165870589888955,0.5199457299366694,-2.033229445859131,0.2721958265805878,105.8284002167939,0.0,1.0,-0.8423760169502619,0.129764801297648,0.05068937550689376,0.04460665044606651,0.0,2,Weak,ETH-USD
MANA-USD,2466,0.43315086805257275,361.9969645855343,-0.053023163437620376,0.0002893322974180117,0.18761967449469752,0.1872899746872685,569.0621294495112,2.467483664483477e-113,6000.339469662716,0.0,2.2162527111111054,6.241978982047858,0.012864394532821831,-2.3624648605514302,0.3428321461620095,-2.5771922975816293,0.09780337107874093,110.87693439137094,0.0,1.0,-0.9521296039936608,0.08191403081914031,0.06528791565287916,0.0640713706407137,0.0,2,Weak,ETH-USD
TRX-USD,2466,0.5234911152590608,62.461809498825204,0.026948423233702834,4.9923675089024467e-05,0.274042947755175,0.2737483223281276,930.1401800295889,1.3457518162321373e-173,316.43570478028045,1.9357968034472394e-69,0.8752677904761265,-0.13575184165652487,0.00485920578325372,-2.411037385907729,0.31964537652096264,-0.4215733705049705,0.9064340067911743,405.77087386905754,-4.610171845969831e-17,1.0,1.9017053945249813,0.22465531224655313,0.06609894566098945,0.11678832116788321,0.0,1,Weak,ETH-USD
XMR-USD,2466,0.510433400006448,59934.08137232846,103.60983841170122,0.047903344927071906,0.2605422558421423,0.2602421512381822,868.1714722268038,9.974694366476767e-164,1230.429088928356,6.542114676443224e-268,1.3893387231652683,2.0714110904633785,0.011118996985771817,-2.1411019088230248,0.4549106999460578,-0.9365589094123069,0.7756948227576426,212.011794710075,0.0,0.9999999999999999,3.444657594431565,0.17072181670721817,0.05190592051905921,0.09326845093268452,0.0,1,Weak,ETH-USD
ATOM-USD,2466,-0.15825165633248986,-41456.958210881414,11.891970626345206,-4.349890701733098e-05,0.025043586731976375,0.024647906369448802,63.292468122496416,2.690850302592402e-15,2086.7474399904295,0.0,1.769448169667685,2.8010320826060733,0.012189983346840728,-1.6484940165909017,0.6999941419909574,-2.4088908838461154,0.13924273078216792,113.17744177595958,-4.610171845969831e-17,1.0,-0.7750223544645706,0.14030819140308193,0.07664233576642336,0.047039740470397405,0.0,1,Weak,BTC-USD
THETA-USD,2466,0.37835908709774235,1007.8914155684262,0.09764012599170568,0.0008055745416213304,0.14315559878943684,0.14280785349673775,411.6679701925139,9.169433032550289e-85,8228.394767816368,0.0,2.4487848121525633,7.509290388084526,0.008475299472041087,-2.2767635405711277,0.38520306697096535,-2.4956833806937166,0.11652814071086909,170.6086402694124,0.0,1.0,-0.9335926963402791,0.11192214111922141,0.05190592051905921,0.060421735604217354,0.0,0,Weak,ETH-USD
ATOM-USD,2466,0.36634874144935325,3477.269374689479,3.688690110060635,0.00277926732913938,0.13421140036152523,0.13386002511816553,381.960319908216,3.40774639660432e-79,730.3052582438285,2.607522832012108e-159,1.1379321144226486,1.3960652367524462,0.01046271859807482,-2.393828343912653,0.3277835784783532,-2.0888939532746016,0.24900378524778555,140.2917697092912,9.220343691939662e-17,0.9999999999999999,-1.2033655249999011,0.13746958637469586,0.06163828061638281,0.11800486618004866,0.0,0,Weak,ETH-USD
INJ-USD,2172,0.3360417826655177,90461.96573223599,4.910232943958608,0.00010945666424081024,0.11292407969701901,0.11251528895033569,276.23932442990446,1.7505227643733533e-58,1617.0383531457016,0.0,1.6543401734053769,2.6423889895903745,0.008929981815554445,-1.1617789884975434,0.8676269935943406,-2.0016393378125126,0.28585476959087125,156.87570904672606,0.0,1.0,-0.776048081554442,0.13812154696132597,0.05755064456721915,0.08103130755064457,0.0,0,Weak,BTC-USD
ALGO-USD,2466,0.32462453408627623,158.8407274933249,0.12937963039667202,0.00012695618224813326,0.10538108813073199,0.10501801227364227,290.2453745490103,1.2921708428890954e-61,1279.968060491818,1.1441083573503328e-278,1.5015985543949648,1.8633261837580175,0.008529171790126844,-2.3149339303266334,0.36612503249889794,-1.6314023334852612,0.46675676127556487,167.97216155845936,0.0,1.0,-0.8473046107835587,0.14517437145174372,0.07015409570154096,0.055150040551500405,0.0,0,Weak,ETH-USD
ADA-USD,2466,0.27422979165593736,4384.762712358403,0.36156288635561673,4.600732753901721e-06,0.0752019786316589,0.07482665475935035,200.36556206536767,8.621690029039871e-44,3758.885637856254,0.0,2.0562652949985325,4.448844477952609,0.007132703415256551,-0.9424538192040133,0.9132291361820685,-2.021519923521627,0.2772177966739299,200.02155432327046,9.220343691939662e-17,1.0,-1.0154779184994616,0.14720194647201945,0.0575831305758313,0.015815085158150853,0.0,0,Weak,BTC-USD
OP-USD,1663,0.20010096765675406,171.8506987013929,0.5615222401219123,0.00024941281252630174,0.04004039725716957,0.039462456496939136,69.28114438788069,1.7598332467034074e-16,155.53559201563849,1.6821910733151716e-34,0.7457530889830072,-0.15200357723172475,0.00687673652809401,-2.05933569878789,0.49762993985193793,-1.851886201831937,0.35502254672553435,197.61033835575557,3.41812500666314e-17,1.0,-1.0936745649050974,0.16416115453998797,0.05111244738424534,0.13469633193024655,0.0,0,Weak,ETH-USD
XTZ-USD,2466,0.0797646672012113,138.29471788464704,1.5291433702446977,0.00011053443084019712,0.006362402133719969,0.005959140121598927,15.777340643259128,7.329402437943554e-05,1102.039244216034,4.956997479443557e-240,1.4234210706337953,1.6277017746437483,0.010773469946370922,-2.3492243665246964,0.3492644749202375,-1.7384969456788044,0.4113947360550091,133.3163035737532,0.0,1.0,-0.9728059922117308,0.14841849148418493,0.0575831305758313,0.009732360097323601,0.0,0,Weak,ETH-USD
AVAX-USD,2203,0.06892832862495658,45446.15321262622,24.115465080900012,5.3937191252764326e-05,0.004751114487030028,0.0042989341664879666,10.507123532786801,0.0012069050263847068,2718.293016475059,0.0,1.9547537402671173,3.7995173764488444,0.009898078431286969,-1.4217285973625995,0.7899682720416392,-2.1730365871199773,0.21617673324915815,139.07634046773532,0.0,0.9999999999999999,-0.7809712261747481,0.1230140717203813,0.07217430776214254,0.0009078529278256923,0.0,0,Weak,BTC-USD
UNI7083-USD,2205,0.055299023217616934,12020.924679764687,8.834736329453719,1.4252210882488472e-05,0.003057981968822898,0.0026054436038517315,6.75739827941153,0.009398311852605338,2458.752207725103,0.0,1.9585806791045368,3.3925149223914106,0.011279814802021615,-1.429621419693514,0.7871796154110845,-2.292908132264422,0.17426544275165234,122.6126740278645,0.0,1.0,-0.14273270500370913,0.14512471655328799,0.07891156462585033,0.0,0.0,0,Weak,BTC-USD
THETA-USD,2466,0.03142227206716089,2310.2165979050064,1.7226098384351054,2.4240055546522734e-06,0.000987359181862435,0.0005819157399720165,2.4352574979598325,0.11876283270301964,5847.677588335666,0.0,2.393478724677107,5.847343595611019,0.009092513200456578,-1.31466011379213,0.8252681795945274,-2.370793856915433,0.1501498438572037,152.65883665687417,2.3050859229849155e-17,1.0,-0.7180283759828645,0.12206001622060016,0.06853203568532036,0.0,0.0,0,Weak,BTC-USD
ALGO-USD,2466,-0.06622432834339874,-894.3420036665515,0.45159165951604924,-9.383925241522886e-07,0.004385661664534357,0.003981597403846293,10.853871750661368,0.0009998523607025653,3148.3245562941433,0.0,2.085944255584944,3.6508665917775627,0.00973063681436103,-1.4520500703630728,0.7791161103508708,-1.8537865010168217,0.3541036762158579,142.8146756983157,0.0,1.0,-0.571974234237325,0.14639091646390917,0.07664233576642336,0.0,0.0,0,Weak,BTC-USD
OP-USD,1663,-0.131297051993395,-4202.871026491732,1.4246960728948215,-4.390718267773307e-06,0.017238915862156423,0.016647247539376298,29.13611426948354,7.720932616506166e-08,181.56987140674184,3.737690907682475e-40,0.8006841609729417,0.2505608233583452,0.008554679004872565,-1.1552776501121715,0.869225766886101,-1.9761737876299317,0.29711677011441184,154.65270947250025,-1.70906250333157e-17,0.9999999999999999,-0.9012814874391889,0.15574263379434755,0.04990980156343957,0.1719783523752255,0.0,0,Weak,BTC-USD
DOT-USD,2234,-0.13894699944085834,-42246.87068713037,12.377424100545795,-4.9284319629560034e-05,0.019306268653617842,0.018866889741724346,43.93990728962357,4.232531459434021e-11,2512.925206779201,0.0,2.001225801931678,3.3265088297519885,0.00894806004179414,-1.7767090417509674,0.6409648123242958,-2.210657241221175,0.20240025594007133,152.7392789002091,5.088936334897763e-17,1.0,-0.6826083330908477,0.1405550581915846,0.07788719785138765,0.0,0.0,0,Weak,BTC-USD
AXS-USD,2158,-0.14285226382533045,-115143.75691161073,23.3380396369667,-0.00014039031830458424,0.02040676928002172,0.019952412493973504,44.9135347080645,2.6202883342526264e-11,10415.357354620643,0.0,3.010585925655931,8.947022166861267,0.005842096679600139,-1.6140686668467485,0.7149153287737295,-2.3978893316369216,0.14233301564239176,229.21077460488775,-5.268157447711586e-17,1.0,-0.36912013112131664,0.11770157553290084,0.056533827618164965,0.0,0.0,0,Weak,BTC-USD
EGLD-USD,2219,-0.18758046871212172,-388614.54802351084,84.86931120271515,-0.00045691813460063544,0.03518643224225959,0.03475124344309055,80.85325796400586,5.083018285148199e-19,5400.461435432327,0.0,2.316632136284518,6.096856052909422,0.008094899191281455,-1.7836641327885498,0.6376225612860373,-2.286312542788404,0.1764204559062295,167.0898803053323,5.1233365354491227e-17,1.0,-0.5962274549368312,0.1554754393871113,0.05633168093735917,0.021631365479945923,0.0,0,Weak,BTC-USD
