ticker,n_obs,corr,cov,alpha,beta,r2,adj_r2,f_stat,f_pvalue,jb_stat,jb_pvalue,skew,kurt,dw_stat,coint_t,coint_p,adf_stat,adf_p,half_life,z_mean,z_std,z_current,z_gt1,z_gt2,z_lt_1,z_lt_2,score,rating,base
TRX-USD,2144,0.9485241894304512,2548.103921380639,-0.013425632692346435,2.6311901890297467e-06,0.8996981379346947,0.8996513116685577,19213.53573876196,0.0,179.57268070000217,1.0145835946758763e-39,-0.393804135903075,1.1848307713597155,0.05415518325115437,-3.163839481852085,0.07618607429228798,-3.2148151518193417,0.019142977302122444,25.593652842908554,1.3256394323882466e-17,1.0,0.4053627226115375,0.07882462686567164,0.018190298507462687,0.1935634328358209,0.03031716417910448,81,Fair,BTC-USD
DOGE-USD,2144,0.7735092285379633,94.89230607679825,-0.020101613955707157,6.776425805290424e-05,0.598316526633395,0.5981289993349045,3190.5569559717933,0.0,4274.652005791434,0.0,1.9768909575692264,5.6941008861345,0.029263259175746268,-3.1081255673210255,0.08668243802335529,-3.5764839694571444,0.006226849609041174,47.37335029640134,-6.628197161941233e-18,1.0,-0.018528621365327434,0.13899253731343283,0.061567164179104475,0.07602611940298508,0.0,71,Fair,ETH-USD
FTM-USD,1840,0.7526898629930354,526.6616064093099,-0.2657922932866549,0.00039848815122582566,0.5665420298524746,0.5663061985303051,2402.3188465410963,0.0,3465.293760741086,0.0,1.933631884924512,5.519895767956367,0.02010065118008052,-3.1509469184423575,0.07852130968886346,-3.7972021249172134,0.0029360709846774245,68.96372894213397,-3.089316242435218e-17,1.0,0.40397950945708955,0.08206521739130435,0.059782608695652176,0.0983695652173913,0.0,68,Fair,ETH-USD
BNB-USD,2144,0.9099877555135474,7108620.544952166,33.780918836456976,0.0073404120132113775,0.8280777151845837,0.8279974526800014,10317.117806046786,0.0,1.4285240249126798,0.4895532627273472,-0.06125731996812628,-0.028926220332168295,0.018471953704462352,-2.812548767632626,0.1617245871193564,-3.3591228357038094,0.012433851323762261,75.03071786695432,0.0,1.0,-0.8101136946819754,0.1296641791044776,0.015391791044776119,0.13619402985074627,0.025186567164179104,64,Weak,BTC-USD
XRP-USD,2144,0.8854223108297168,21910.683743759433,-0.17490591031545422,2.262512749883306e-05,0.7839726685150358,0.7838718154191044,7773.412023450774,0.0,178.08546698775942,2.1341856234108227e-39,-0.6383228667816941,0.6091547993575173,0.01784354628969024,-3.0174904604786645,0.1061063400776181,-3.0638142913078132,0.029349591677086236,77.69975613046631,4.639738013358863e-17,1.0,0.4678858669958973,0.09934701492537314,0.014458955223880597,0.16371268656716417,0.0648320895522388,63,Weak,BTC-USD
ICP-USD,1649,0.2760079159590621,7008.404317109759,-5.460581571757377,0.008281465088113588,0.0761803696720652,0.07561945914970458,135.81554746282313,3.239788012553662e-30,377271.7325339199,0.0,7.003165248975597,72.99218278030239,0.025611066651877925,-3.0766046727169174,0.09309905380769218,-3.2699363006141753,0.016276985047111243,8.446460380027563,-1.3788579468964952e-16,1.0,-0.5825551204586946,0.07459066100667071,0.01879927228623408,0.015767131594906003,0.0,60,Weak,ETH-USD
DOGE-USD,2144,0.6956051167935076,2244.117333876609,0.018012560115236106,2.3172914818671857e-06,0.4838664785093093,0.48362551981580293,2008.0889029906468,5.7819458915268e-310,6402.490443246354,0.0,2.1796458850613787,7.278743575878934,0.025045290589236355,-2.775101574114228,0.17373551280945693,-3.735135282921352,0.0036452274199281843,55.34505021040368,0.0,1.0,-0.5372586307524313,0.13712686567164178,0.054104477611940295,0.07929104477611941,0.0,57,Weak,BTC-USD
MKR-USD,2144,0.738953965761086,807998.9053057324,310.8563278976473,0.5770061724634316,0.5460529635140362,0.5458410367929877,2576.6121459925675,0.0,1974.293666275323,0.0,1.4104597124158205,3.7737523082950677,0.0189363002258214,-2.9197116104893124,0.13054438436018595,-3.0490430518004157,0.03056134877759336,73.21602164192237,2.6512788647764932e-17,1.0,0.0962514545667471,0.13292910447761194,0.04477611940298507,0.12639925373134328,0.005130597014925373,54,Weak,ETH-USD
BNB-USD,2144,0.868506634431253,257991.6399885446,-21.73362006198864,0.18423634950473938,0.7543037740511019,0.7541890699306776,6576.082631214331,0.0,509.04085841261696,2.9052403281766028e-111,0.9233315389328859,1.5205486521415672,0.015699372141397386,-2.868075004355938,0.14498256829819095,-2.9134148371439514,0.04381012571790146,88.30777931067749,-2.6512788647764932e-17,1.0,-0.12787749601057813,0.13292910447761194,0.05037313432835821,0.13805970149253732,0.005597014925373134,53,Weak,ETH-USD
ETC-USD,2144,0.6174925088880439,11186.968390050884,6.146123503366516,0.007988810095937235,0.38129699853285093,0.38100815492805773,1320.081151894545,1.3273351396173234e-225,9795.618712486335,0.0,2.245544578263111,9.485918718524289,0.023325440544662956,-2.8927248117356843,0.1379554322570738,-3.237611746642269,0.017908211339055537,59.42554776327283,0.0,1.0,-0.3025370864777285,0.12406716417910447,0.05083955223880597,0.05503731343283582,0.0,53,Weak,ETH-USD
SOL-USD,2044,0.8522357860008393,71825.67429252792,-41.40536615582339,0.056510959583457115,0.7263058349404682,0.7261718025383823,5418.88247645265,0.0,14.311752680395585,0.0007802654776728279,0.15210597290960662,0.27863321846144906,0.015096436231346913,-3.1230742923204193,0.0837617460571034,-2.693011153379225,0.07525547241967882,91.7968008596856,-5.561978362114287e-17,0.9999999999999999,0.6216522624572699,0.15557729941291584,0.03424657534246575,0.15459882583170254,0.01614481409001957,50,Fair,ETH-USD
APT-USD,1311,0.4112106134895777,9.482741201795719,-0.02497971737123081,1.4527881288387556e-05,0.16909416864647475,0.1684594048333704,266.38911222667804,1.1867731849629032e-54,73253.546738121,0.0,4.769084393977048,35.49879731446943,0.012239791450301284,-2.682378029672685,0.2059804852188788,-3.3915445358228893,0.011250517285847009,15.70091592911935,4.3358824455231135e-17,1.0,-0.40193381461722705,0.060259344012204424,0.028985507246376812,0.05186880244088482,0.0,49,Weak,ETH-USD
XMR-USD,2144,0.6817142009733642,59947.31486921746,87.06609020283042,0.042809427679928735,0.4647342518087524,0.4644843611700077,1859.7505458516182,5.017982693247998e-293,780.7169597451857,2.947584249494862e-170,1.0307519104298768,2.1280200221045904,0.02689328075797105,-2.588845810307161,0.24135008467477015,-3.2198799464511305,0.018862405425866015,51.54803884973593,1.3256394323882466e-17,1.0,0.008674563616997205,0.12546641791044777,0.058768656716417914,0.11287313432835822,0.0046641791044776115,47,Weak,ETH-USD
APT-USD,1311,-0.04050111849170293,-30.904214788006723,0.011328924713901272,-4.32438020030699e-08,0.0016403405990789155,0.0008776517836465159,2.1507337801316573,0.14274195595846587,101390.35583807355,0.0,5.797580696049143,41.65999059884864,0.007736470283061362,-0.020408364888345867,0.9854147830517189,-5.426073154929405,2.98526274994094e-06,15.979208743305326,-8.671764891046227e-17,0.9999999999999999,-0.23193077224405056,0.06636155606407322,0.038901601830663615,0.0,0.0,42,Weak,BTC-USD
XMR-USD,2144,0.7082335001504184,1637801.069929897,100.63264033445745,0.0016912050056604535,0.5015946907353128,0.5013620085181024,2155.7070271585976,0.0,1202.8008578434747,6.532994687654452e-262,1.0796106184989473,2.9776443140760946,0.02980618848971135,-2.3072853124868455,0.3699231634921232,-3.1150340226581,0.025460424471607335,46.500755764295015,0.0,0.9999999999999999,-0.303799714298345,0.1259328358208955,0.03404850746268657,0.15904850746268656,0.0023320895522388058,41,Weak,BTC-USD
RUNE-USD,2144,0.6017184531282104,2449.042341907889,-0.16386898673945527,0.0017489040376489778,0.3620650968350062,0.3617672747513624,1215.7093671671992,2.3562221744499152e-211,1924.4179973678533,0.0,1.0496945648099194,4.152610882265803,0.019531676397672428,-2.6513384655840566,0.21756610808267246,-3.179740554403655,0.021187735069992476,70.9768001291643,0.0,1.0,0.00940653672678698,0.11986940298507463,0.03917910447761194,0.08628731343283583,0.04011194029850746,41,Weak,ETH-USD
HBAR-USD,2144,0.7032469103814281,84.72911323778304,-0.000639768759272504,6.050654401203073e-05,0.49455621696102414,0.4943202488083449,2095.860019013877,1.0539e-319,266.2054920922431,1.5639103938282009e-58,0.7129561601342209,0.9795187659945332,0.016768502870727692,-3.0251445045879497,0.10434896266235605,-2.6528970312402103,0.0825497611882553,82.67252764473487,7.953836594329479e-17,1.0,0.1335056994849954,0.13152985074626866,0.03824626865671642,0.12919776119402984,0.0004664179104477612,40,Weak,ETH-USD
ICP-USD,1649,-0.06638972152870352,-55440.57477851121,19.123084817537592,-6.0569950382049306e-05,0.004407595124658936,0.003803106718541449,7.291446916192771,0.006999306748165847,361519.1815922054,0.0,6.93275489429095,71.42217073657567,0.026297307287298316,-0.7731096657440851,0.9381469702039579,-3.2559063655251994,0.016968248889047587,8.533058869028062,-8.617862168103095e-17,1.0,-0.2623580715963151,0.09035779260157671,0.021831412977562158,0.0,0.0,39,Weak,BTC-USD
AVAX-USD,1881,0.6337670458356531,14872.942374728857,-5.131831905455506,0.014614389046221506,0.4016606683872511,0.40134223340501984,1261.3584901152833,8.032875653459279e-212,1012.9601067486246,1.0927168132673323e-220,1.2912302701591263,2.513073833201938,0.015318654795083469,-3.363519667304894,0.04656695540969896,-2.2336956603340687,0.19424390315488266,90.50423731852571,0.0,1.0,0.22908081756611903,0.11270600744284955,0.07230196703880915,0.08027644869750133,0.004784688995215311,37,Weak,ETH-USD
SOL-USD,2044,0.8558995141481874,1962956.803707588,-15.163602453978182,0.002085583957166068,0.7325639783191035,0.7324330106297396,5593.471045245002,0.0,140.14845625821252,3.691045509060414e-31,0.4967236633354525,0.817390998821887,0.013059014874341116,-2.6412623308874923,0.22141131378404566,-2.6943867692889714,0.07501465011142838,106.15230541127788,6.952472952642859e-18,1.0,-0.1066784664271412,0.13894324853228962,0.0410958904109589,0.12035225048923678,0.023972602739726026,34,Weak,BTC-USD
ARB-USD,2144,-0.12978181465144797,-1006.4931566493792,0.11464620840693103,-1.03931197502593e-06,0.01684331941422257,0.01638432936726375,36.69648073160514,1.6259373744836898e-09,15274.142826136458,0.0,3.5270759790215847,11.041603015522671,0.02254719717238731,-1.9244792315912396,0.5675416773152733,-3.483893013911598,0.008410520405372334,61.479828605993205,-4.639738013358863e-17,1.0000000000000002,-0.4168173129192454,0.06576492537313433,0.06576492537313433,0.0,0.0,33,Weak,BTC-USD
ARB-USD,2144,-0.07412854626990983,-21.860755981209913,0.10004863284031634,-1.5611148793700627e-05,0.005495041372090004,0.005030753342851968,11.835414712517837,0.0005922806687045361,16029.954571252436,0.0,3.592823943258126,11.337557403595836,0.022200239064083967,-2.349113910229473,0.3493183250075649,-3.4568254894142454,0.009167659094271535,62.44125795657994,-4.639738013358863e-17,1.0000000000000002,-0.3779098115758637,0.06576492537313433,0.06576492537313433,0.0,0.0,32,Weak,ETH-USD
BCH-USD,2144,0.548147005606157,3197716.7776328186,195.32932507932748,0.003301985033657671,0.30046513975499634,0.3001385595214553,920.0346772279371,1.9406120152174385e-168,9241.520197289985,0.0,2.2388485432988547,9.158040791327736,0.023980288917258646,-2.3598016744731365,0.34412227951797564,-2.92187349011719,0.0428628946518544,57.805350432851455,-1.3256394323882466e-17,1.0,-0.01898149327581405,0.13666044776119404,0.03451492537313433,0.07229477611940298,0.0,27,Weak,BTC-USD
NEAR-USD,1857,0.5332066887509614,1774.6899409659688,-0.053141058560351465,0.0018201516946020166,0.28430937292876457,0.28392355587913043,736.9020451491319,6.280156054783729e-137,2114.803497761119,0.0,1.5614068766692224,4.209271960896783,0.015620894502064006,-2.5071454867151397,0.2759267728839204,-3.0829156740170625,0.027843611833502924,93.0699051624949,9.183104824040068e-17,0.9999999999999999,-1.184807651733462,0.09531502423263329,0.05600430802369413,0.06785137318255251,0.0026925148088314485,27,Weak,ETH-USD
BCH-USD,2144,0.5880785757526708,130455.0863663867,148.3073736869493,0.09316026243151049,0.34583641125928954,0.34553101275847686,1132.410310918452,1.1661685755634758e-199,4304.743000663192,0.0,1.6630631714684485,6.111281737945067,0.022099819015043595,-2.566541834956985,0.25053598244460973,-2.660746789724086,0.08108054840277407,62.75938685786519,1.3256394323882466e-17,0.9999999999999998,0.30482888044557077,0.12453358208955224,0.029850746268656716,0.16277985074626866,0.0,24,Weak,ETH-USD
MANA-USD,2144,0.4652846973128137,427.4932653721201,-0.00885937519456841,0.0003052804294492542,0.2164898495534766,0.21612406516951466,591.8509893959531,1.229777449880205e-115,4053.6584453740184,0.0,2.036225337447744,5.383315246813641,0.014670301448105657,-2.5463480357228265,0.2590194644750794,-2.949471865245801,0.039890161254371045,94.49644010003632,0.0,1.0,-0.03176051785984789,0.08722014925373134,0.06949626865671642,0.07369402985074627,0.0,23,Weak,ETH-USD
ETC-USD,2144,0.20320321280723047,96811.86325258539,18.650940702531386,9.996861691334459e-05,0.041291545695180676,0.04084396938598145,92.25587871050062,2.0430057496823744e-21,5395.471542381012,0.0,2.080598574494919,6.583636441698786,0.019662292938513973,-1.7749895046509796,0.6417891150781802,-2.9248028738748,0.04253885170088554,70.44735501778109,-7.953836594329479e-17,1.0,-0.959988074645528,0.12919776119402984,0.05550373134328358,0.014925373134328358,0.0,23,Weak,BTC-USD
NEAR-USD,1857,0.09296356552141206,9262.04297476111,3.831329752328887,1.0601263943093887e-05,0.008642224514453845,0.008107799837642204,16.17108058335462,6.0189932848440444e-05,1923.9216117337644,0.0,1.808540219245119,3.4480208089152082,0.014127655799626786,-0.7433215312041338,0.9417558848554646,-3.0363277612098054,0.03163831602938382,97.52826253108066,-6.122069882693378e-17,1.0,-0.7257162600950652,0.12870220786214323,0.05815831987075929,0.0016155088852988692,0.0,21,Weak,BTC-USD
RUNE-USD,2144,0.21433006221951506,22940.524560393653,2.4902631854284696,2.3688548433220246e-05,0.04593737557102118,0.045491968183332565,103.13563905935408,1.0669107242954631e-23,1495.1156098340277,0.0,1.5148096811005993,2.760706541177834,0.01629678678761101,-1.8141053814372174,0.6228456329780859,-2.932689607678152,0.041676564818061396,85.02837237253188,-5.3025577295529864e-17,1.0000000000000002,-0.6735088480042185,0.14225746268656717,0.05223880597014925,0.09328358208955224,0.0,20,Weak,BTC-USD
VET-USD,2144,0.5133036923873797,22.752349655697262,0.003852957519669709,1.624785145521461e-05,0.2634806806185177,0.26313683406418464,766.2740175761023,1.9043999894051123e-144,7911.643726210811,0.0,2.2798702904303867,8.256176836271596,0.01377289441006568,-2.509531578775561,0.27488156701992933,-2.8312124857477947,0.05395174685981049,100.66703147743915,-5.3025577295529864e-17,1.0,0.09783256901065278,0.12220149253731344,0.049906716417910446,0.06623134328358209,0.0,18,Weak,ETH-USD
SUI-USD,810,-0.5045743742558361,-22.59950139207307,0.007975505859473896,-1.0144807800502796e-07,0.2545952991556685,0.2536727685853166,275.97491870492075,1.5489533824648918e-53,305.66521210963083,4.223208620651178e-67,1.2889769848407953,1.5777308194253346,0.03447353502095177,-1.2495601953811108,0.8444411406727517,-2.6305157594780053,0.08685285370365292,33.397919828268876,-3.50885301609926e-17,1.0,-0.1994947096289641,0.17407407407407408,0.06419753086419754,0.08765432098765433,0.0,18,Weak,BTC-USD
MATIC-USD,1910,0.6825732398190001,432.13494223301336,0.04020074965221749,0.0003335046249444015,0.4659062277170064,0.46562630435627106,1664.4063807076782,3.7522587499147934e-262,43.09729524412548,4.3806771280184525e-10,0.36821262730423804,-0.005010015827429548,0.014786068985269882,-2.4900444774756143,0.28347728154299096,-2.3782249690864137,0.14797679596657665,93.76002483198917,-5.952190456629112e-17,1.0,-0.34210554082405253,0.15968586387434555,0.02931937172774869,0.193717277486911,0.0,15,Weak,ETH-USD
LINK-USD,2144,0.6591332104891954,6434.210066564256,4.374034650356888,0.004594782120316298,0.434456589169794,0.43419256330105904,1645.5076589710213,2.0336309976060235e-267,1805.1883659580851,0.0,1.6595070863733183,3.0441774386600358,0.017124300398336623,-2.133189187476602,0.4590354026945004,-2.388916334528009,0.14488915918979772,81.09785440709993,0.0,1.0,0.5889889175087616,0.13759328358208955,0.05690298507462686,0.04897388059701493,0.0,14,Weak,ETH-USD
XLM-USD,2144,0.6395372690261951,2609.0228846161526,0.06815351501689694,2.6940955427110447e-06,0.40900791847348394,0.40873201180610463,1482.4140436996613,6.227038624706763e-247,1472.9233555433684,0.0,1.357323926020619,3.031276197027589,0.01722466568348242,-2.2298069930038373,0.40905012878798497,-2.5073449817690823,0.11369742438757025,80.46037560899839,-5.3025577295529864e-17,1.0,-0.23414415960995283,0.1515858208955224,0.04710820895522388,0.1310634328358209,0.0,14,Weak,BTC-USD
ATOM-USD,2144,0.4174004058142641,4197.905249153415,4.461268604192917,0.002997797675557049,0.1742230987739125,0.1738375820133028,451.92094501508325,3.7579961780538175e-91,521.7929020700168,4.944370053250685e-114,1.0153678266061248,1.3184427757755914,0.013274446209634735,-2.7318758323453767,0.18832417748788055,-2.30868613751548,0.16918182158498135,104.42110512375498,-1.0605115459105973e-16,1.0,-0.050629631153751735,0.146455223880597,0.05643656716417911,0.13526119402985073,0.0,14,Weak,ETH-USD
VET-USD,2144,0.1837340401686685,214.1700710578302,0.028460717497261756,2.2115353499626242e-07,0.03375819751670239,0.03330710423823213,74.83640109021928,9.853480356568717e-18,5843.51362367831,0.0,2.4159268792480786,6.506282211025606,0.012661128670123638,-1.7905501846530876,0.6343007811254472,-2.8414791555538947,0.05258867956154937,109.3862440755683,-2.6512788647764932e-17,0.9999999999999999,-0.49097328712143445,0.14039179104477612,0.06809701492537314,0.0023320895522388058,0.0,14,Weak,BTC-USD
MANA-USD,2144,0.037688790694556426,910.6259066704434,0.602187115309463,9.403187724813625e-07,0.00142044494401794,0.0009542546755511028,3.0469210536920404,0.08103374005902866,7560.514781016056,0.0,2.6744165567573996,7.507793462604358,0.012393951268720182,-1.8345077603529194,0.6128140661384859,-2.850476225717832,0.05141747179802092,111.80756276190445,0.0,0.9999999999999999,-0.6897487992688494,0.09235074626865672,0.07416044776119403,0.0,0.0,14,Weak,BTC-USD
SUI-USD,810,-0.34143277223834706,-0.7256237388433205,0.007540228182211984,-1.4467424570208546e-06,0.11657633795836286,0.11548299184197475,106.62345273011007,1.4558259273093282e-23,224.68131169603296,1.6258222839551095e-49,1.1841808526732782,1.0477078633667185,0.029577108117790015,-1.7802593681818812,0.6392603385497111,-2.473012275823429,0.12217956112110401,38.493486409673565,-3.50885301609926e-17,1.0,-0.6117876146822832,0.1814814814814815,0.05308641975308642,0.0962962962962963,0.0,14,Weak,ETH-USD
ADA-USD,2144,0.6604749943241174,420.25768470910106,-0.002580626691044991,0.00030011337454793674,0.43622721812744303,0.4359640188828714,1657.4030021907074,7.060870606622812e-269,2196.4340799562915,0.0,1.6063641178133008,3.790488990970215,0.009380822864732897,-2.5691403602522285,0.24945575521926872,-2.406324456789388,0.13995932844623898,147.77780112526386,-5.3025577295529864e-17,1.0,-0.01376518548552368,0.13059701492537312,0.04897388059701493,0.13526119402985073,0.0,13,Weak,ETH-USD
LINK-USD,2144,0.5292155421563696,135853.84129578454,7.7372954525836635,0.00014028364045913462,0.28006909005986036,0.27973298786100875,833.2855036854879,4.68593607155e-155,1531.3240453364212,0.0,1.5666264365126537,2.718033427027809,0.018558299448132903,-1.7898839626347174,0.6346227074544541,-2.5994299825818192,0.09311513568670637,74.70616359892541,5.3025577295529864e-17,1.0,0.06043107892874304,0.14878731343283583,0.05037313432835821,0.037779850746268655,0.0,11,Weak,BTC-USD
SAND-USD,1918,0.344307106250317,406.4439828166323,-0.08425475808355387,0.00037824901729600305,0.11854738341446713,0.11808733507595692,257.68462461655025,1.6698849308722612e-54,6485.906182760435,0.0,2.5144513816815226,7.499832390362595,0.01068983439806181,-2.741449524562419,0.18502615657452565,-2.5117248204910068,0.11264755024463263,129.6835062299582,-5.927363801961211e-17,0.9999999999999999,-0.0065217970197243985,0.09280500521376434,0.06204379562043796,0.04640250260688217,0.0,11,Weak,ETH-USD
FTM-USD,1840,0.5321823459731734,7008.004109306756,-0.021878090311057342,1.4970679649133657e-05,0.28321804936551065,0.28282807006701527,726.2386758944165,4.4031279615154235e-135,4385.660295497223,0.0,2.386502752722645,5.889499745658263,0.013273650763340457,-2.5864459334026453,0.24232906977380758,-2.568495931335426,0.09968488391304825,104.42851548731483,-6.178632484870436e-17,0.9999999999999999,-0.19472289427647382,0.12391304347826088,0.06902173913043479,0.03206521739130435,0.0,10,Weak,BTC-USD
AAVE-USD,1869,0.5262963381484772,1758403.4722655078,67.79794601644794,0.0020009263381798995,0.27698783554849615,0.27660057675661,715.252542619882,1.1399780859410331e-133,1198.1669852328068,6.627427070473035e-261,1.62419734882373,2.2115369486635164,0.016884628350858473,-1.0805696302911423,0.8864702116813655,-2.6110738434757637,0.09073006036073239,81.1807822511155,6.082762852948958e-17,1.0,-0.7085584736547279,0.16104868913857678,0.06741573033707865,0.0593900481540931,0.0,10,Weak,BTC-USD
EGLD-USD,1897,0.40133659438282215,29826.958225334227,0.9060206698258834,0.02858349745750268,0.161071061990802,0.16062835542720877,363.83255916393625,2.443366216737683e-74,1021.8377475012688,1.290483422172074e-222,1.2276990757460986,2.6384919687962434,0.00875660503564924,-2.697245506424269,0.20057090717409648,-2.094312936735473,0.24680753889850954,158.3110667578957,-1.7978941126243969e-16,0.9999999999999999,-0.010812743949329247,0.15709014232999474,0.05271481286241434,0.09277807063784924,0.0,10,Weak,ETH-USD
EOS-USD,2144,-0.28170707591923916,-14606.509798104087,2.6119271317374024,-1.5082785656526323e-05,0.07935887662296781,0.07892907217694678,184.63949677031982,2.1142158144970643e-40,5204.457511960777,0.0,2.055060567617189,6.451291086423156,0.023843263764227404,-2.0414004617592396,0.5070014888269887,-2.0206520488463497,0.27759194656294794,58.14551486500282,-1.5907673188658958e-16,1.0,0.06051702959599972,0.14412313432835822,0.04617537313432836,0.029384328358208957,0.0,10,Weak,BTC-USD
TRX-USD,2144,0.6618103332951559,67.60595910061332,0.0047563929154933685,4.827859968647345e-05,0.43799291725624556,0.43773054233432973,1669.339867004201,2.448738517582495e-270,309.03578151739856,7.829475837358313e-68,0.8933585635129428,0.5250428224988246,0.012095717952241335,-2.305222152786012,0.3709498884766861,-1.6659257840135142,0.4487484768014446,114.6043958193956,-5.3025577295529864e-17,1.0,0.05853643196525333,0.1609141791044776,0.07789179104477612,0.13152985074626866,0.0004664179104477612,9,Weak,ETH-USD
MKR-USD,2144,0.4775096981046885,13730706.229337731,892.2279228772115,0.014178424677243078,0.2280155117840309,0.2276551081947611,632.6671503077632,1.5331937694560016e-122,1185.4789358840778,3.7715499731336256e-258,1.4175618054791372,2.2980451005575775,0.015547534490216406,-1.9341729939060002,0.5625798440611507,-2.6436091549131375,0.08431486255346515,89.07285523340232,5.3025577295529864e-17,1.0,-0.5768681637918638,0.16184701492537312,0.04664179104477612,0.03731343283582089,0.0,9,Weak,BTC-USD
EOS-USD,2144,-0.07672431594848922,-151.27404951625235,2.145957509831205,-0.0001080274487146602,0.005886620657763686,0.005422515438649689,12.68380620455268,0.0003768837867525199,3768.179646861975,0.0,1.8829820801928128,5.308416523386491,0.021881666529929126,-2.443808210956756,0.3043969480054639,-2.003186575759955,0.28517764702624016,63.37713374888998,0.0,1.0,0.26533213646353576,0.15485074626865672,0.04057835820895522,0.0,0.0,9,Weak,ETH-USD
XLM-USD,2144,0.5909323766592034,91.67111733487195,0.052398681245127254,6.546395074486659e-05,0.3492010737840945,0.34889724608744843,1149.3391736134822,4.635724607920651e-202,610.807700595087,2.3162907016117798e-133,1.0234947244415522,1.6354414268920836,0.01405330975008416,-2.2939455950352574,0.37657774162126806,-2.266671488207983,0.18294242837950658,98.64238134475617,1.3256394323882466e-17,1.0,-0.022216147556071694,0.1310634328358209,0.054104477611940295,0.12919776119402984,0.0,8,Weak,ETH-USD
HBAR-USD,2144,0.5793620048088239,1835.6595138327853,0.04142085841367871,1.8955150387190306e-06,0.3356603326160995,0.3353501833782919,1082.2542560117931,1.790677888765369e-192,926.626202204448,6.104875306712895e-202,1.408428496033835,1.5714192328821257,0.014721569082222954,-1.9091564812793804,0.5753556327121923,-2.2617042423740075,0.184616631649201,94.1499043944333,5.3025577295529864e-17,1.0,-0.3755387957970726,0.17863805970149255,0.06949626865671642,0.08255597014925373,0.0,8,Weak,BTC-USD
LTC-USD,2144,0.5200935809253964,30614.853451862644,50.338254785094286,0.021862603148087235,0.2704973329198018,0.2701567621135086,794.2469757283536,6.6320280063002414e-149,4248.811595981891,0.0,2.0673372135205677,5.537451285346187,0.014946693007291035,-2.0991880809372825,0.47679160179227736,-2.0695373920679305,0.2569388283873447,92.69684960586228,0.0,1.0,-0.2765476592511579,0.13712686567164178,0.05457089552238806,0.05970149253731343,0.0,6,Weak,ETH-USD
XRP-USD,2144,0.5980334792849384,562.7476315464453,0.009891697002565661,0.0004018679416633761,0.35764404234564884,0.3573441562776496,1192.5997253949351,3.8656827877767857e-208,588.7812776816261,1.4053031749982413e-128,1.2170666523673308,0.8257695499087623,0.0073206222698313965,-2.201309968454093,0.42368809020061704,-1.9812367475540589,0.2948602414235922,189.37354506133622,2.6512788647764932e-17,1.0,0.13562209040358142,0.16371268656716417,0.07555970149253731,0.10867537313432836,0.0,5,Weak,ETH-USD
LTC-USD,2144,0.3167315125657745,490297.02361493465,73.79689952868662,0.0005062841854374241,0.1003188510522035,0.09989883184167703,238.84348272177513,3.6551331113433164e-51,3881.558455141978,0.0,2.0793018032842205,5.131443994607842,0.015816262529651414,-1.699570762760083,0.6771008669138319,-2.269216510440049,0.18208850816414734,87.52361993044327,0.0,1.0,-0.6966057870902822,0.15111940298507462,0.051305970149253734,0.0,0.0,5,Weak,BTC-USD
XTZ-USD,2144,-0.19668985155780047,-9517.430797276102,2.435152743042308,-9.827766571229107e-06,0.03868689770582978,0.038238105407840006,86.20223180993247,3.8553966314919526e-20,1551.534625865527,0.0,1.6819943115824931,2.47175440248367,0.01450521590217346,-2.049379926434179,0.5028332093632288,-2.062470762808266,0.25987048624943304,95.51088153637119,-2.6512788647764932e-17,1.0,-0.06910022833466647,0.14272388059701493,0.0648320895522388,0.006063432835820896,0.0,4,Weak,BTC-USD
AAVE-USD,1869,0.5261027628347232,59184.956559960905,27.28481847904523,0.05940442120219146,0.2767841170623292,0.27639674915502455,714.5251628826636,1.4834415242994184e-133,776.0759411914105,3.000893627929854e-169,1.3090358967914437,1.774974222209428,0.01202965917102744,-2.29429614613128,0.37640238722906577,-2.175851029278912,0.2151265797520207,114.21662367362542,0.0,1.0,-0.2079396515255832,0.1471375066880685,0.0593900481540931,0.09202782236490102,0.0,2,Weak,ETH-USD
THETA-USD,2144,0.4117152255107507,1199.5924214417983,0.2525244648665292,0.0008566499621065287,0.16950942691736837,0.1691217095629881,437.1984514035858,1.691870885549717e-88,6268.172619847179,0.0,2.357199452947317,6.945140170236634,0.009741204239953775,-2.3086640178563598,0.36923757334893553,-2.603723753166827,0.09223008317414427,142.32164921582228,0.0,0.9999999999999999,0.07685980789549987,0.1259328358208955,0.05083955223880597,0.05643656716417911,0.0,2,Weak,ETH-USD
ATOM-USD,2144,-0.05145270320882895,-13608.343161333263,11.53861332278288,-1.4052071705006977e-05,0.0026473806674961464,0.0021817631981532193,5.6857417124666805,0.017189871206377834,1452.413448541782,0.0,1.6748677607336884,2.256016218430501,0.013124004313823084,-1.8861841951112925,0.5869973432753701,-2.2971602462677843,0.1728854844340562,105.45673340353561,5.3025577295529864e-17,1.0,-0.7377364312042795,0.15205223880597016,0.07602611940298508,0.05037313432835821,0.0,2,Weak,BTC-USD
UNI7083-USD,1883,0.4189039796255431,3272.4011135874166,2.781821971857826,0.0032068473076259417,0.17548054414611747,0.175042203127588,400.3288232865447,6.736749263363039e-81,2328.2551725219237,0.0,2.0007242085822448,3.7128969713765017,0.010673126903820506,-2.4818040720525882,0.28715241562678884,-2.0023319560605604,0.2855515547073052,129.90044856031136,0.0,1.0,0.049196686290511105,0.1524163568773234,0.0647902283590016,0.040892193308550186,0.0,1,Weak,ETH-USD
MATIC-USD,1910,0.21121868105116315,2799.4063728726924,0.5208084669139538,4.9297107249877395e-06,0.044613331224993,0.044112604459387694,89.09715695157232,1.0545240995541063e-20,200.0409488334701,3.6446840269779356e-44,0.7855020164911393,0.22605000032212974,0.01203037721592802,-2.052746010786331,0.5010742472028369,-2.349288842704402,0.1565634827556054,115.16077081048932,0.0,1.0,-1.0196780273775161,0.16073298429319371,0.03769633507853403,0.23403141361256544,0.0,1,Weak,BTC-USD
FIL-USD,2144,0.16414054985744161,5656.924413204767,9.806126412690343,0.004039708819089488,0.026942120107503187,0.026487844720065046,59.30790188621422,2.0452790621585623e-14,13523.1558647821,0.0,2.965725282174766,10.809721091698961,0.009021091429382785,-2.2844045820890924,0.3813600349962994,-2.580801202606344,0.09703054427910218,153.86038684568436,-5.3025577295529864e-17,0.9999999999999999,0.3664736853650545,0.1166044776119403,0.03871268656716418,0.0,0.0,1,Weak,ETH-USD
UNI7083-USD,1883,0.14616516042967864,33619.310802422544,8.551012486828578,3.80027277220103e-05,0.021364254123434123,0.02084397993636522,41.0634520305457,1.857701231055168e-10,1641.2973291333285,0.0,1.8441144349780527,2.719271700432964,0.012036434784942351,-1.8218544913173584,0.6190470972150688,-1.970017633751341,0.2998720336114969,114.74840908533214,6.037537850324802e-17,1.0,-0.613841437182319,0.16038236856080723,0.07169410515135423,0.0,0.0,1,Weak,BTC-USD
XTZ-USD,2144,0.10390012979813826,191.17741031044443,1.6879014045647769,0.00013652313766806515,0.010795236972070077,0.010333423357211102,23.375744293218027,1.4271770974303818e-06,731.7036608049284,1.2958921587010498e-159,1.2945551711672802,1.2290170114180068,0.01248699281430311,-2.254253323361271,0.3965880331894246,-1.9073119935298692,0.32862917547458587,111.20889417034705,-5.3025577295529864e-17,1.0,0.31649510329963043,0.14972014925373134,0.05690298507462686,0.03031716417910448,0.0,1,Weak,ETH-USD
INJ-USD,1850,0.5081149490504352,4845.758552914644,-0.2087059932928232,0.005034309795960212,0.25818080144852673,0.25777938413329315,643.1730561955404,5.215693332003737e-122,795.7912452918346,1.5708210462392065e-173,1.3132848641181607,1.861940670871224,0.010099091649353915,-2.370894346492276,0.33876105254167665,-1.6507407557908391,0.45665412727138355,146.32574953308287,-3.072617235719352e-17,1.0,-1.0864980296265947,0.1281081081081081,0.062162162162162166,0.12702702702702703,0.0,0,Weak,ETH-USD
INJ-USD,1850,0.4575428185040239,131241.79203532086,4.243014669127651,0.0001507193796848892,0.20934543076460632,0.20891758738298538,489.3038895950696,2.223339906240228e-96,1326.6072453318482,8.528975163743e-289,1.6252275753156082,2.591268746624003,0.01030803115800791,-0.22856727958708697,0.978917123085851,-1.7138180382438182,0.42400743845338296,146.9427402812994,0.0,1.0,-1.423125180649163,0.13243243243243244,0.06486486486486487,0.05891891891891892,0.0,0,Weak,BTC-USD
AXS-USD,1836,0.4398867908055823,12697.519814734971,-15.30492288947804,0.013542195065484472,0.19350038872523367,0.19306063975507293,440.0246546444704,9.59128549856736e-88,1618.5701370708175,0.0,1.5786373129131244,3.359898142935635,0.006484742779127123,-2.4451420473793943,0.30378348915031345,-1.429590888437414,0.5680105658838496,231.00470343591903,0.0,1.0,-1.0160106501294603,0.12962962962962962,0.05228758169934641,0.09259259259259259,0.0,0,Weak,ETH-USD
ADA-USD,2144,0.38043027630953064,6365.7803208439445,0.33685709526373664,6.573349927050003e-06,0.14472719513294596,0.1443279081091985,362.46405849763744,8.691799284138063e-75,3059.482077824969,0.0,2.059191474344374,4.173122030387313,0.007776820298314181,-1.7355802370997837,0.6604527526037094,-2.0330032261438595,0.2722923845165577,178.1023741999268,5.3025577295529864e-17,1.0,-0.6211243850454617,0.14832089552238806,0.06063432835820896,0.0,0.0,0,Weak,BTC-USD
ALGO-USD,2144,0.3546835278888849,189.81232625568254,0.15900884335394716,0.00013554830723159226,0.1258004049557051,0.12539228189546037,308.24135465478776,1.4131746950329226e-64,727.2867388944017,1.179481866497901e-158,1.284408307488235,1.2513791708854178,0.00983664452449569,-2.2880213331465638,0.3795450223200446,-1.6915220098611325,0.4354858011002608,141.0706797921263,5.3025577295529864e-17,1.0,0.3013815391325018,0.14692164179104478,0.06809701492537314,0.0853544776119403,0.0,0,Weak,ETH-USD
DOT-USD,1912,0.33899269437024176,3709.135851134546,2.8297963219732503,0.003479451405435124,0.11491604683639611,0.11445265209651989,247.98737868083904,1.2577951779089373e-52,860.5100351836356,1.3887371348143554e-187,1.4169018429991838,1.6759089936469032,0.007615586398169963,-2.4521353193901887,0.3005765963324417,-1.8803309448787573,0.34136986918333573,182.04299703263888,-5.945964315984101e-17,1.0,0.028600555061695752,0.14905857740585773,0.07374476987447699,0.06328451882845189,0.0,0,Weak,ETH-USD
OP-USD,1341,0.19805890707526544,179.41144423505244,0.8553486077337509,0.00022501921182938213,0.03922733067184847,0.038509800672350214,54.66995205674935,2.5037655761360867e-13,59.99969922895556,9.359030325677447e-14,0.5094005986115558,-0.19165455943012244,0.008948519285468122,-1.6155749013163319,0.7142713723766013,-1.8278160628705111,0.36674183151707507,146.74215436764928,0.0,1.0,-1.1985265370286666,0.1506338553318419,0.049962714392244596,0.23117076808351977,0.0,0,Weak,ETH-USD
AVAX-USD,1881,0.17627405906114224,121918.845405984,22.996422384536157,0.00013791903892100598,0.031072543897891047,0.03055688266526624,60.25766905090615,1.3565886320954998e-14,2072.8494416927424,0.0,1.9305940543748858,3.4126703792787225,0.010806093565687866,-1.8259909888310886,0.6170135592760363,-2.0669705375540217,0.2580015758258585,128.12738446802976,3.021978674152473e-17,0.9999999999999999,-0.8871962890352069,0.1318447634237108,0.07549175970228601,0.01063264221158958,0.0,0,Weak,BTC-USD
THETA-USD,2144,0.12725465080017115,9750.519158857407,1.6235545032862946,1.0068455267252729e-05,0.016193746150273136,0.015734452847822267,35.25796275247446,3.360685347958171e-09,3944.1385636791324,0.0,2.237206368796343,4.929409600097901,0.009598528042046575,-1.8051361935688812,0.6272239357189695,-2.340456469289266,0.15925163041897133,144.3505480240559,0.0,1.0,-0.4107784162765661,0.1333955223880597,0.06203358208955224,0.0,0.0,0,Weak,BTC-USD
FLOW-USD,1752,0.1179875407579386,869.0720188192543,2.1465917778783625,0.0010448649629748222,0.013921059774106181,0.01335758609397697,24.705785318876035,7.331322585669446e-07,3128.292214769565,0.0,2.270415518254913,4.735981932400515,0.00673093853719114,-2.457304887614104,0.29821629772618263,-2.3073034247769995,0.1696232901674865,210.3635218053867,3.2444873779000007e-17,1.0,-0.65597931988862,0.1284246575342466,0.07191780821917808,0.0,0.0,0,Weak,ETH-USD
ALGO-USD,2144,0.01891830122081689,266.2458328491389,0.43691574893329443,2.7492733612023533e-07,0.0003579021210815547,-0.00010878419912341286,0.7669008187865015,0.38127570940367284,1913.8395046837463,0.0,1.8801622102837372,2.711582124431745,0.010089851630117596,-1.8414850346184326,0.6093613437287061,-1.6177011825760486,0.47393468385392123,137.26972002842655,0.0,1.0,-0.2334778302315945,0.1525186567164179,0.07649253731343283,0.0,0.0,0,Weak,BTC-USD
OP-USD,1341,-0.019648162379835916,-657.0609337643922,1.4362090634756928,-6.04671104943962e-07,0.000386050284904238,-0.00036048739225424953,0.5171209661831526,0.4721978626437613,84.50902236581967,4.457578065870088e-19,0.6147008785581292,0.07120022709928353,0.010310343768316625,-0.3738425398685989,0.9721931196617776,-1.9944599202940225,0.2890075018378446,125.33878798844715,-1.483608993384251e-16,0.9999999999999998,-0.9709901734109657,0.16181953765846382,0.0529455630126771,0.15510812826249068,0.0,0,Weak,BTC-USD
FIL-USD,2144,-0.03593582268247348,-32569.371232757385,20.02293277764894,-3.363136382760481e-05,0.0012913833518661821,0.0008251328305551864,2.7697199098782184,0.09620923238277643,14065.051978568452,0.0,3.0851155441046014,10.95655821058262,0.009506317986875366,-1.8679063344541549,0.5961910452813041,-2.5721130800113574,0.09889898139043207,145.85625964331794,0.0,0.9999999999999999,0.07193246927893246,0.11986940298507463,0.043843283582089554,0.0,0.0,0,Weak,BTC-USD
DOT-USD,1912,-0.048106879308530755,-15256.927500117732,11.967170021535178,-1.703531332145379e-05,0.00231427183680577,0.0017919232880293512,4.4305126188754596,0.035432224214665575,1545.4556539212856,0.0,1.8355444510521348,2.4474148447971444,0.009360179555718329,-1.8959061550672338,0.5820817902286309,-2.075587018111194,0.2544437981548045,147.8204024728994,8.918946473976153e-17,1.0,-0.7032832122541101,0.15428870292887029,0.08106694560669456,0.0,0.0,0,Weak,BTC-USD
AXS-USD,1836,-0.08802842491428323,-77216.26596273051,22.686338578977704,-8.917912128336345e-05,0.007749003592889436,0.007207972515241079,14.322658924827515,0.0001589476170958988,6003.756144221718,0.0,2.72449223516905,7.010730648857546,0.005877487508917892,-1.0037486247860492,0.9021339585098775,-2.1104939074965388,0.2403159390825706,228.7148348327715,6.192093557822224e-17,1.0,-0.421539987444566,0.12418300653594772,0.05664488017429194,0.0,0.0,0,Weak,BTC-USD
SAND-USD,1918,-0.09276427364072272,-3164.790283256923,0.9913550514886624,-3.52616876671631e-06,0.008605210464090907,0.008087781033226604,16.630693870114456,4.726881234434584e-05,11455.890958644277,0.0,3.115063468381219,10.256975277177423,0.010490030828632299,-1.9152548714692117,0.5722501465664916,-2.511695772583279,0.11265448939780265,132.09370584564294,-5.927363801961211e-17,1.0,-0.8041184827311011,0.09697601668404589,0.06204379562043796,0.0,0.0,0,Weak,BTC-USD
FLOW-USD,1752,-0.10409127748328864,-24725.303056214256,6.339273961613234,-2.858450587284357e-05,0.010834994048103175,0.01026975690184484,19.16893487950856,1.267207925868321e-05,2958.8657325503223,0.0,2.2558740085635964,4.511996677674813,0.0075951987614891235,-0.7038251170543729,0.9462243107213362,-2.2878500701678455,0.1759165132702608,184.32119000743657,-6.488974755800001e-17,0.9999999999999999,-0.4015507668880908,0.14440639269406394,0.07077625570776255,0.0,0.0,0,Weak,BTC-USD
EGLD-USD,1897,-0.10443712107048975,-226725.54270236267,82.31777994401138,-0.00025463385460412747,0.010907112257492302,0.010385163504066153,20.89690259033453,5.159770619130825e-06,3462.233741331312,0.0,2.1517052145809297,5.047616688644425,0.008460519908065692,-1.9434174830021422,0.5578355910261851,-2.108455412416287,0.24112825862409437,163.53481659415053,2.9964901877073283e-17,1.0,-0.9584673611458018,0.15498154981549817,0.06220347917764892,0.0005271481286241434,0.0,0,Weak,BTC-USD
