ticker,n_obs,corr,cov,alpha,beta,r2,adj_r2,f_stat,f_pvalue,jb_stat,jb_pvalue,skew,kurt,dw_stat,coint_t,coint_p,adf_stat,adf_p,half_life,z_mean,z_std,z_current,z_gt1,z_gt2,z_lt_1,z_lt_2,score,rating
XRP-USD,2470,0.8935246256062406,21488.16559855553,-0.17809132958644486,2.253537139258542e-05,0.7983862565647719,0.7983045654207543,9773.228985428208,0.0,214.81769211120675,2.253880314648871e-47,-0.5768678467047975,0.8747194601186261,0.01812416774401236,-3.0992394918887585,0.08845565604403871,-3.5500061233574303,0.006791958222212211,76.72519239489712,4.602705980632228e-17,1.0,-0.7084796103607244,0.09757085020242914,0.015789473684210527,0.14493927125506073,0.06761133603238867,71,Fair
BNB-USD,2470,0.9166658025197897,7414819.92191491,26.31135156445333,0.007776174284543215,0.8402761935092501,0.8402114755973819,12983.672823380457,0.0,55.99016911341386,6.948471117029695e-13,-0.35171861760183926,-0.2212031570110522,0.014960647640499019,-2.7874531741943187,0.16970947603962333,-2.7785076184763073,0.061409989939218354,93.56413274892081,1.150676495158057e-17,1.0,0.8924074591174175,0.13238866396761134,0.009716599190283401,0.14696356275303643,0.03360323886639676,48,Weak
DOGE-USD,2470,0.6304118906149708,1894.319582427604,0.0224050447533381,1.9866374879912025e-06,0.397419151828742,0.3971749942727568,1627.7159649033122,8.805280270081232e-274,7013.748485798162,0.0,2.173473707719649,7.036405884233629,0.02155654641294889,-2.0927343459955794,0.48016570313001544,-3.812272349418883,0.002784219250131907,66.06977783157414,4.602705980632228e-17,0.9999999999999999,-1.2896925303227003,0.12631578947368421,0.05748987854251012,0.06639676113360324,0.0,40,Weak
ICP-USD,1975,-0.1135279067948279,-84875.36453148354,19.453251982303,-0.000100197017789754,0.012888585621215087,0.012388275730501053,25.76120492605245,4.226606120491874e-07,584464.2353505401,0.0,7.4387786889848915,83.16730798217084,0.025798746345312113,-1.8082698357866898,0.6256965144098265,-3.2346354305681246,0.018065364527300842,8.697179518983909,-2.878147790420659e-17,0.9999999999999999,-0.28492957743711306,0.08962025316455696,0.021772151898734177,0.0,0.0,39,Weak
ARB-USD,2470,-0.15205867366513845,-1095.1654477376906,0.11548155546696137,-1.148537318734875e-06,0.023121840236801527,0.022726022505941135,58.415372617460214,3.0173862944021084e-14,23946.884692312236,0.0,3.802162264621144,13.255233210918263,0.022436108376510472,-1.4780891931211306,0.7694976821193786,-3.561873605925467,0.006533177816739595,61.55623375015939,0.0,0.9999999999999998,-0.07082368008224642,0.05708502024291498,0.05708502024291498,0.0,0.0,33,Weak
BCH-USD,2470,0.5439871201226306,3078780.401511004,192.9583477788762,0.0032288219050642295,0.29592198685931337,0.29563670403389164,1037.2933821793013,2.714957661440742e-190,9842.540689042304,0.0,2.0890887350507867,8.86343974502908,0.0227145500102804,-1.8184874753020197,0.620699350181314,-3.1747314362670043,0.021494709985666834,62.10007246808897,-4.602705980632228e-17,1.0,-0.9965403926242707,0.12995951417004048,0.03360323886639676,0.10526315789473684,0.0,31,Weak
NEAR-USD,2183,0.004988163692295471,467.48453818557584,3.9712033115880923,5.63136088057839e-07,2.488177702131278e-05,-0.00043361208736336643,0.05426850598032904,0.815817418772855,2740.0766871983647,0.0,1.9048464628740343,3.965392951390461,0.01342072030040545,-1.494719722607742,0.7632112624517393,-3.2642072725128184,0.01655621345088769,101.23686562159243,0.0,1.0,0.37806195393438324,0.12963811268896014,0.05955107650022904,0.005955107650022904,0.0,24,Weak
TRX-USD,2470,0.8781329259042885,2898.433810942906,-0.016891695118244465,3.0396862908956644e-06,0.7711174355572266,0.7710246954581816,8314.822212816753,0.0,886.5758867246401,3.0373322643562657e-193,1.1690919194447509,1.7819946006777982,0.015416583465990856,-2.051863446429167,0.5015354657702498,-1.5115325358953984,0.527798840086666,98.12612287223968,-4.602705980632228e-17,1.0,1.8036756815321058,0.10161943319838057,0.07651821862348178,0.12712550607287448,0.002834008097165992,23,Weak
MKR-USD,2470,0.45670300484663934,12177262.702175517,914.7748946304348,0.012770710290740218,0.20857763463594958,0.20825696106813585,650.4360058674007,1.5180665905103956e-127,2100.305591679799,0.0,1.6318401506597746,3.134333955334557,0.016814469040492917,-1.6832574088557435,0.6845074205785413,-3.0325810551838193,0.03196174375945983,81.37027414507129,1.150676495158057e-17,1.0,0.018470373118915678,0.16275303643724695,0.045748987854251015,0.02145748987854251,0.0,23,Weak
ETC-USD,2470,0.08385029871752385,39012.654704159555,19.357175199079332,4.09139001994671e-05,0.007030872595018001,0.006628535023135873,17.475058474227154,3.0124392224710313e-05,6123.267573338042,0.0,2.036539101447248,6.56762489300214,0.017611162448159648,-1.2394966310047244,0.8472528753546984,-2.9077694968228305,0.044451941830907934,78.39158872680542,-4.602705980632228e-17,1.0,-0.9236589086679344,0.12267206477732794,0.062348178137651825,0.02348178137651822,0.0,21,Weak
RUNE-USD,2470,0.09228773636820019,9607.246049684443,2.672622200488823,1.0075446263507084e-05,0.008517026283966445,0.008115290881326231,21.20058682404512,4.346167724942597e-06,2087.306075678003,0.0,1.6606512883441842,3.052262637107135,0.014623147745081201,-1.1584156141579915,0.8684560958459477,-2.9794934257577,0.036854343231787955,94.88246645401738,-2.301352990316114e-17,0.9999999999999998,-0.8206726279251534,0.1417004048582996,0.05425101214574899,0.0,0.0,20,Weak
XLM-USD,2470,0.6021703420388732,2280.567497187607,0.07245341317339847,2.3917088361621918e-06,0.36260912083121377,0.3623508587245813,1404.035325040247,1.1548027995575466e-243,2367.5710039704472,0.0,1.5966510713522777,3.590186499365293,0.01678928082170848,-1.2866696370189845,0.8337219674685594,-2.740816540112866,0.06723759612219188,82.95186155348445,0.0,1.0,-0.6336220957991509,0.151417004048583,0.04777327935222672,0.1097165991902834,0.0,19,Weak
SOL-USD,2370,0.8312417048786583,1762736.9912676334,-13.0238977785748,0.0019240506513718122,0.6909627719295783,0.6908322663433999,5294.507248027713,0.0,314.13139760949923,6.126800128854365e-69,0.8003492247369415,0.7929259537807738,0.010812303408598806,-2.151940595160872,0.449267153189767,-2.5757771035358505,0.0981077024802729,131.49238730319811,-8.394597722060255e-17,1.0,-0.8033823254279986,0.15569620253164557,0.042616033755274264,0.10843881856540084,0.012236286919831224,17,Weak
VET-USD,2470,0.07549271038442175,84.95438195064652,0.03014581460704998,8.90945548564678e-08,0.005699149321186314,0.005296272153164083,14.146121382763713,0.00017307875348795832,7861.72168067798,0.0,2.4984477615837766,7.1898786391932,0.011692297629585144,-1.2237733983742494,0.851565387449828,-2.9209805135308855,0.042962081768222124,119.14758204750275,0.0,1.0,-0.7988621310532948,0.12753036437246965,0.06923076923076923,0.0,0.0,14,Weak
FIL-USD,2470,-0.10120566475250538,-86783.03152599685,20.726855703424757,-9.101232197057606e-05,0.010242586577996371,0.009841550348895,25.54030243339731,4.649743918445287e-07,22236.620397932624,0.0,3.3568015653079755,13.107424780333666,0.009349794222940239,-1.505928567612823,0.7589117034004254,-2.8985237838050257,0.04551993082908639,147.20939082564175,4.602705980632228e-17,0.9999999999999999,-0.4248612926373595,0.10890688259109312,0.04939271255060729,0.0,0.0,14,Weak
AAVE-USD,2195,0.45085126441345214,1388032.3320321906,71.94046511677797,0.0016595324463697697,0.20326686262320837,0.2029035552190238,559.4900084115428,2.3234821797391938e-110,1608.5789398109673,0.0,1.680944343982791,2.5186962575764777,0.015334945719774493,-1.4084315336791502,0.7946085345185206,-2.7378688595254754,0.0677113936429545,88.35541767949704,7.769032190543237e-17,1.0,-0.315691037325397,0.1530751708428246,0.06924829157175398,0.03963553530751709,0.0,13,Weak
LINK-USD,2470,0.4435743613603598,107344.24310413194,8.064001259268577,0.00011257556509943317,0.19675821405625094,0.19643275142013106,604.549316019814,1.3752063738561256e-119,2023.790792245101,0.0,1.6410909843710382,2.99256163936973,0.016773766705157435,-1.0144665859455626,0.9000689796203091,-2.695976548185742,0.07473709346290702,81.24217648083894,4.602705980632228e-17,1.0,-0.5497193757123715,0.1340080971659919,0.058704453441295545,0.051417004048582994,0.0,13,Weak
MANA-USD,2470,-0.04421985238001623,-1019.7268413683457,0.6270544358777598,-1.069422281945206e-06,0.001955395344510391,0.0015510012583451749,4.835370771747615,0.02797411824179133,11300.504240358356,0.0,2.841254315873564,8.826577701576886,0.011861806725395135,-1.4197437729440467,0.7906655221429086,-2.7595126116911186,0.06429387586873311,115.71378725613195,-2.301352990316114e-17,1.0,-0.5765125440940374,0.08502024291497975,0.06882591093117409,0.0,0.0,10,Weak
FLOW-USD,2078,-0.15939524991714307,-34519.73053264901,6.499244794663729,-4.2661887545489804e-05,0.025406845696148594,0.024937388492726642,54.11962051270493,2.702498977396392e-13,5361.196478169691,0.0,2.5235532849646174,6.057566093175151,0.007497931348228505,-1.3189346204776415,0.8239490757619523,-2.797250600152683,0.058667574783681516,185.95709836444468,-2.735486951915689e-17,0.9999999999999999,-0.3735953168017232,0.12945139557266602,0.06929740134744947,0.0,0.0,10,Weak
EOS-USD,2470,-0.363666638899974,-18747.683059471125,2.6605634731326555,-1.9661333982090306e-05,0.13225342424880415,0.13190182515003945,376.1483596330963,4.175640483887048e-78,7337.555644633164,0.0,2.1778538206187914,7.252218849717938,0.02234231808837442,-1.7784106345205677,0.6401483210607972,-2.0809937673518832,0.25222545618983,62.39320358850649,0.0,1.0,-0.5609318698656593,0.1340080971659919,0.05506072874493927,0.019433198380566803,0.0,10,Weak
XMR-USD,2470,0.6853512014163472,2238924.4757810086,90.29643524488374,0.002348036380781909,0.46970626928283044,0.46949140148270185,2186.024471800328,0.0,857.9519395185512,4.990033537141926e-187,1.0264336764524926,2.0381097278210127,0.015815197295356895,-1.5776892852067763,0.7302143222016825,-1.595455401255676,0.48587599851271956,124.18126921193287,6.904058970948342e-17,1.0,3.500121692402658,0.15384615384615385,0.041700404858299595,0.1437246963562753,0.004048582995951417,9,Weak
LTC-USD,2470,0.20889241396842692,312155.13194863923,75.71761137889979,0.000327367722400509,0.043636040613556415,0.043248534957402995,112.60749338917817,9.355340225428435e-26,4769.814278340946,0.0,2.0772156016398764,5.408556721312056,0.014383689771285773,-1.035302138159765,0.8959446749071918,-2.2940587562634502,0.17389130140068437,96.16378341109693,4.602705980632228e-17,1.0,-0.7129860477057767,0.1396761133603239,0.05506072874493927,0.045748987854251015,0.0,4,Weak
HBAR-USD,2470,0.5056158813349617,1497.1811015934625,0.045738461766166846,1.5701448321227027e-06,0.2556474194581303,0.2553458179263062,847.633027299185,1.8893224186452977e-160,1431.9098003226113,1.1607469958953e-311,1.5769648936525955,2.0009940978170313,0.013353209786297685,-1.1244863902832607,0.8765819880358428,-2.512773698544878,0.11239720017288962,105.6621124157125,0.0,1.0,-0.9512568855725917,0.17530364372469637,0.06639676113360324,0.05951417004048583,0.0,3,Weak
SAND-USD,2244,-0.15546594257469404,-4942.260324883143,1.0183316663161712,-5.747372360290732e-06,0.02416965930063797,0.023734409371690912,55.530530146453955,1.3063443447780804e-13,18172.948449249798,0.0,3.346993841866818,12.261636681661438,0.010188169626879604,-1.636336419797436,0.7053118569269401,-2.6234700879861994,0.08824284526549447,133.13115248530548,2.533129182745455e-17,1.0,-0.4252611634224599,0.08467023172905526,0.06149732620320856,0.0,0.0,3,Weak
XTZ-USD,2470,-0.28443443576781113,-13612.658292967675,2.4821406818926,-1.4276058552573953e-05,0.08090294825055289,0.08053054263801251,217.24417013666556,3.449058336577138e-47,2474.2166795521716,0.0,1.8426109125441006,3.2457531462807108,0.01380145657895234,-1.8377027094240406,0.6112343968407206,-2.1847661889047476,0.21182083587230383,100.20070543906556,0.0,1.0,-0.6192807441006888,0.13360323886639677,0.06356275303643724,0.002834008097165992,0.0,3,Weak
ATOM-USD,2470,-0.15971020962302915,-41845.47349241761,11.900878585329561,-4.388477378048545e-05,0.025507351057831862,0.02511249990347919,64.59991512410582,1.4082093201975154e-15,2097.0054950262966,0.0,1.7709982296770603,2.8090501699050634,0.01218500076999105,-1.6425863364434106,0.7025846423495777,-2.4148362992335795,0.13759268300074823,113.10654224975828,-9.205411961264455e-17,1.0,-0.7553468316786871,0.14008097165991903,0.07651821862348178,0.04696356275303644,0.0,1,Weak
INJ-USD,2176,0.33498211581202564,90110.58567585077,4.922485734625394,0.00010901695961134303,0.11221301791390159,0.11180465223676905,274.7856252313953,3.29844712050106e-58,1627.4248535078564,0.0,1.6573240035950085,2.65039337450515,0.008925988284338295,-1.1499719118820673,0.8705186785925749,-2.0072543532573612,0.283401404660703,156.5978377170735,5.224578939412501e-17,1.0,-0.7488236736753332,0.13786764705882354,0.05744485294117647,0.07904411764705882,0.0,0,Weak
ADA-USD,2470,0.2726409408102247,4358.404994342038,0.36225376028064415,4.570807814018296e-06,0.07433308260588434,0.07395801497322863,198.18581006197329,2.3611425171116394e-43,3766.998115113977,0.0,2.0561509499225123,4.451244580655294,0.007127920726858368,-0.9349290289191796,0.9145099408541348,-2.032572764943822,0.272476169948564,199.12533365212204,-1.3808117941896684e-16,0.9999999999999999,-0.9715941138912281,0.14777327935222673,0.05748987854251012,0.015384615384615385,0.0,0,Weak
AVAX-USD,2207,0.06748931720546811,44481.01090977379,24.14696043547527,5.2782447353538074e-05,0.00455480793686025,0.004103358870164886,10.089306353432981,0.0015119358328932245,2729.7125373660315,0.0,1.9559152606139383,3.806412757003784,0.009894111286990078,-1.4100860595175166,0.7940351114176133,-2.1768247336588744,0.21476399310565591,139.05420073505306,-7.726790058107116e-17,1.0,-0.7742237944291098,0.1232442229270503,0.07204349796103307,0.0009062075215224287,0.0,0,Weak
UNI7083-USD,2209,0.05509801842787833,11967.509418313353,8.836529297964296,1.4186347321707093e-05,0.0030357916346789304,0.0025840634025243725,6.720393853177531,0.009594563415940897,2474.65686126957,0.0,1.960922046362478,3.4054574546774914,0.011280829204752922,-1.4168248332184201,0.7916879817023352,-2.2954574086029775,0.173437233573642,122.58525691521677,-5.146529548285017e-17,0.9999999999999999,-0.13078593509319117,0.1448619284744228,0.07922136713444998,0.0,0.0,0,Weak
THETA-USD,2470,0.03012277334205325,2214.2541780321703,1.7249615856877283,2.3221637989839894e-06,0.0009073814738169705,0.0005025627466993532,2.2414513287904505,0.13448269531869556,5876.326710425014,0.0,2.395559631893568,5.85987711118314,0.00908973125590643,-1.3058666341151963,0.8279583756937405,-2.3739168298978806,0.14923390888835952,152.62875686652515,4.602705980632228e-17,1.0,-0.7110301692292659,0.12226720647773279,0.06882591093117409,0.0,0.0,0,Weak
ALGO-USD,2470,-0.06729545260231617,-908.5865416413918,0.4519258207305728,-9.528656629288961e-07,0.004528677940950465,0.004125326513859995,11.227623448908224,0.0008180202917766349,3167.630037410191,0.0,2.088628595571469,3.6636471252930676,0.009730000976821472,-1.4422276786138781,0.7826727280002779,-1.8596947372060446,0.3512529063905554,142.71170745068486,0.0,0.9999999999999998,-0.5559293406124565,0.14615384615384616,0.07692307692307693,0.0,0.0,0,Weak
OP-USD,1667,-0.1330153467339728,-4256.228694189827,1.426022834202385,-4.449754744813202e-06,0.017693082466759158,0.017103108342114592,29.98959060690629,5.0077148451733265e-08,183.22458688807254,1.6341295474913387e-40,0.8030631429539125,0.25517317220453783,0.0085453206512749,-1.149411919272889,0.8706545192704916,-1.9813106911292209,0.29482734886264683,154.52411918760487,3.409923147019077e-17,1.0,-0.8835658655698748,0.15536892621475704,0.04979004199160168,0.17096580683863227,0.0,0,Weak
DOT-USD,2238,-0.14027369303915574,-42642.288508811755,12.389466284743452,-4.9734776135598826e-05,0.019676708958843214,0.019238281726713824,44.88021618383263,2.6417912541421196e-11,2528.197845868074,0.0,2.0034936990155225,3.3384384199929613,0.008947566339774697,-1.7709588437745913,0.6437181443135083,-2.2154900784431217,0.20067156310365292,152.61675715559312,5.079840827596784e-17,0.9999999999999998,-0.6706287701675269,0.14030384271671134,0.0777479892761394,0.0,0.0,0,Weak
AXS-USD,2162,-0.1436409959963625,-115706.16536582889,23.35684698575803,-0.00014106011931284298,0.020632735730827023,0.020179324960332146,45.50561449676694,1.9478405007186704e-11,10481.844791013531,0.0,3.013999193657613,8.971741019529441,0.005842903600371958,-1.6042228207505065,0.719104279857789,-2.4016350996858518,0.14127544562445765,229.02920797175335,-1.0516821250843296e-16,0.9999999999999999,-0.35805251796069726,0.11748381128584644,0.056429232192414434,0.0,0.0,0,Weak
EGLD-USD,2223,-0.18876692631772213,-390972.45673271205,84.94166213135986,-0.000459599791406458,0.03563295247144016,0.03519874848786142,82.0650058936452,2.809950386100934e-19,5431.723700761722,0.0,2.3190178350074,6.112316202348477,0.008094483977650847,-1.7762502525642816,0.6411848229993284,-2.289797395928342,0.1752796312709755,166.98799188649605,-2.5570588781290156e-17,1.0,-0.5869317319370113,0.15519568151147098,0.05623031938821413,0.022042285200179937,0.0,0,Weak
